Tentang Fakultas,Akreditasi,Program Studi,Sejarah Fakultas,Hasil Karya FTMM,Prestasi Mahasiswa FTMM,Visi,Misi,Lokasi,Kontak Fakultas,Media Sosial,Warna Bendera,Filosofi Bendera,Filosofi Logo,Lokasi kampus,Maskot Cirion
"Fakultas merupakan bagian administratif pada perguruan tinggi atau universitas yang menaungi beberapa program studi atau jurusan. Biasanya dalam satu universitas terdapat beberapa fakultas. Satu fakultas biasanya dipimpin oleh dekan yang dipilih melalui rapat senat fakultas. Dalam memimpin fakultas, biasanya dekan akan dibantu oleh tiga wakil atau pembantu dekan.  ","Sesuai hasil akreditasi pendidikan prodi, Badan Akreditasi Nasional Perguruan Tinggi (BAN-PT) 2022 menyatakan status Baik. ","Fakultas Teknologi Maju dan Multidisiplin (FTMM), yang semula bernama Sekolah Teknologi Maju dan Multidisiplin, memiliki 5 program studi S1, antara lain:
1. Teknik Robotika dan Kecerdasan Buatan
2. Teknologi Sains Data
3.. Rekayasa Nanoteknologi
4. Teknik Industri
5. Teknik Elektro.","2019: Sejarah Pendirian Sekolah Teknologi Maju dan Multidisiplin (STMM) Prof. Dr. Mohammad Nasih, SE., MT., Ak., CA Rektor Universitas Airlangga menetapkan Surat Keputusan Rektor Universitas Airlangga Nomor 2887/UN3/2019 Tentang Pendirian Sekolah  Teknologi Maju dan Multidisiplin (STMM), dengan lima program studi yakno, Teknologi Sains Data, Teknik Robotika dan Kecerdasan Buatan, Rekayasa Nanoteknologi, Teknik Elektro, Teknik Industri
Dua prodi diatas, masing-masing Prodi Teknik Robotika dan Kecerdasan Buatan dan Rekayasa Nanoteknologi menjadi pionir di kampus Indonesia.

2020: Pengangkatan Dekan

Pada 29 April 2020, Mohammad Nasih Rektor Universitas Airlangga mengangkat Prof. Dr. Dwi Setyawan, S.Si., M.Si., Apt sebagai Dekan STMM, sesuai Keputusan Rektor Nomor 406/UN3/2020 tentang Pengangkatan Dekan pada STMM UNAIR.

Pengangkatan Wakil Dekan

Rektor UNAIR mengangkat 3 nama pejabat untuk wakil dekan, diantaranya Dr. Ni’matuzahroh Wakil Dekan 1 (Akademik, kemahasiswaan & alumni);  Dr. Imron Mawardi, S,P., M.Si sebagai wakil dekan bidang 2 (SDM, Keuangan, & Sarpras), dan Andi Hamim Zaidan, S.Si., M.Si., Ph.D sebagai wakil dekan 3 (Penelitian, pengmas, kerjasama). Ini termuat pada SK Rektor UNAIR per 29 April 2020.

Pada tanggal 15 Oktober 2020, amanat Andi Hamim Zaidan, S.Si., M.Si., Ph.D dilanjutkan  oleh Prof. Dr. Retna Apsari, M.Si. Prof Retna dan Andi Hamim, sama-sama dari Fakultas Sains dan Teknologi.

Sementara itu, jabatan wakil dekan ini ditetapkan paling lama sampai tahun 2025.

Pengangkatan Ketua Departemen Teknik

Niko Azhari Hidayat, dr., Sp.BTKV (FK) ditetapkan sebagai Ketua Departemen Teknik pada STMM, per 13 April 2020. Namun  hanya kurun waktu kurang dari 1 tahun, posisinya diteruskan Dr. Prihartini Widiyanti, drg., M.Kes., S.Bio., CCC, per 13 November 2020. Ini sesuai dengan SK Rektor UNAIR Nomor 1004/UN3/2020.

Pada tahun yang sama, FTMM melakukan penyesuaian kembali dengan hadirnya Niko Azhari Hidayat, dr., Sp.BTKV (FK) sebagai dosen di Prodi TRKB. Sebelumnya, Niko Azhari merupakan dosen di FK, yang menjalani pindah tugas per 30 November 2020.

Perubahan Nama Sekolah Teknologi Maju dan Multidisiplin menjadi Fakultas Teknologi Maju dan Multidisiplin 

Hanya dengan 1 tahun berselang, tepatnya 2 Desember 2020, Majelis Wali Amanat menetapkan keputusannya Nomor 8/UN.3.MWA/K/2020 tentang Persetujuan Perubahan Nama Sekolah Teknologi Maju dan Multidisiplin menjadi Fakultas  Teknologi Maju dan Multidisiplin Universitas Airlangga.

Jabatan KPS Lima Prodi 

Jabatan Koordinator Program Studi (KPS) di FTMM untuk KPS TI adalah Chandrawati Putri Wulandari, S.T., M.T., dan Lilik Jamilatul Awalin, S.T., M.T., Ph.D masing-masing sebagai Plt Prodi TI dan TE. Keduanya disahkan per 2 Juni 2021 lewat SK Rektor UNAIR Nomor 473/UN3/2021.

Menyusul Dr. Retno Sari, Dra., M.Sc., Apt. sebagai KPS Nanoteknologi, Purbandini, S.Si., M.Kom sebagai KPS TRKB dan Ratri Amelia Aisyah, S.M., M.SM sebagai KPS TSD.

Namun Prodi TSD mengalami perubahan mandat koordinator, dengan hadirnya Dr. Dwi Rantini, S.Si sebagai KPS, sesudah Ratri Amelia Aisyah, S.M., M.SM sebagai KPS sebelumnya. Ini diperkuat dengan hadirnya  SK Rektor tertanggal 9 Mei 2022.

2021: Pindahan Gedung PBM dan Manajemen ke G. Nano

Tidak berlangsung lama, segala bentuk aktivitas pendidikan dan manajemen yang awalnya berlokasi di Gedung Nanizar Zaman Joenoe, akhirnya 1 Maret 2021, berpindah ke Gedung Kuliah Bersama-C, atau kini bernama Gedung Nano.

Pindahan ini bersamaan saat covid-19 mewadah, sehingga PBM sempat berlangsung daring. Menempati Gedung Nano, kegiatan PBM terfokus di lantai 6. Sementara manajemen di lt 1, 8 dan 10.

Akreditasi Prodi 

Akreditasi program studi penting karena menjamin bahwa program studi tersebut telah memenuhi standar mutu yang ditetapkan oleh Badan Akreditasi Nasional Perguruan Tinggi (BAN-PT). Akreditasi diperlukan untuk menjamin kualitas pendidikan, standar mutu pendidikan, meningkatkan prospek karir, menyediakan studi lanjutan.

Setelah melewati sekian proses, akhirnya BAN-PT menyatakan kalau lima prodi dinyatakan memenuhi syarat peringkat akreditasi. Hasilnya, kelima prodi dinyatakan terakreditasi “Baik”.

Selengkapnya, informasi akreditasi bisa dilihat di sub menu tiap prodi – akreditasi.

Dies Natalis FTMM 

Perayaan Dies Natalis pertama FTMM, menjadi momen indah dimana usia 1 tahun bisa terlewati. Peringatan Dies Natalis diperingati tiap 1 Mei. Waktu itu, dies pertama diperingati dengan sederhana, bersamaan dengan berbuka puasa.

Unsur pimpinan, dosen, tenaga kependidikan dan mahasiswa di Gedung Nano ruang rapat. Perayaan dies sebagai bentuk rasa syukur, diperingati secara sederhana.
","Sebagai langkah kontribusi memerangi pandemi, FTMM telah menelurkan beberapa produk inovatif yang telah berhasil memukau berbagai pihak.

ARTA-1

Airlangga Robotic Triage Assistant (ARTA-1) merupakan robot yang digunakan sebagai asisten medis untuk pasien terpapar COVID-19. Proses triase pada ARTA-1 terdiri dari pengukuran tanda-tanda vital serta anamnesis akan menentukan apakah orang yang terduga terpapar virus COVID-19 harus mendapatkan penanganan khusus atau tidak.

ISYANA

Mobile robot ini mempunyai fungsi utama untuk menyemprotkan cairan desinfektan pada area indoor maupun outdoor. robot ini juga mempunyai kamera FPV dan sensor-sensor. Integrasi kamera FPV pada mobile robot ini berfungsi untuk pengoperasian secara real-time dan jarak jauh. Sensor-sensor yang diintegrasikan pada robot ini adalah; suhu dan kelembaban udara untuk pengamatan lingkungan sekitar robot, sensor GPS untuk mengetahui posisi aktual robot, sensor akselerometer untuk mengamati pergerakan robot secara 6 derajat kebebasan, dan sensor suhu non-kontak untuk mengetahui suhu objek di depan kamera robot.

ARSENIK

Teknologi Smart Farming Memanfaatkan Pembangkit Listrik Tenaga Surya (PLTS) berkapasitas 900 Wp, instalasi hidroponik tersebut mempunyai sumber listrik mandiri. Inovasi ini juga mengimplementasikan perangkat monitor online melalui internet of things (IoT). Perangkat monitoring yang terpasang pada instalasi hidroponik terkoneksi dengan jaringan internet, sehingga petani dapat memantau kondisi air nutrisi darimana saja melalui ponsel.

ROBOT AIRO-Line

AIRO-LINE (Airlangga Robot Line Follower). Banyak studi yang menunjukkan edukasi robotika sangat berguna dalam mendukung pembelajaran STEM (Science, Technology, Engineering, Mathematics).

AirFeel

Merupakan sistem berbasis internet of things (IoT) untuk mengukur parameter cuaca dan polutan gas di udara dengan aplikasi web berbasis HTML. Parameter cuaca yang di ukur meliputi; kecepatan dan arah angin, curah hujan, suhu dan kelembaban udara, tekanan udara, dan indeks UV. Di sisi lain, gas yang di ukur adalah; amonia, hidrogen, metana, ozon, karbon monoksida, dan karbon dioksida.","Berbagai prestasi prestisius tingkat Internasional dan Nasional juga berhasil di boyong oleh puluhan mahasiswa FTMM. Hal ini tentu sangat membanggakan, bagaimana tidak, mahasiswa yang tergolong masih baru ini memiliki jiwa juang yang tinggi.

Seperti menyabet juara satu dalam ajang internasional yang di selenggarakan oleh pemerintah Iran, Malaysia, hingga Eropa. Terhitung prestasi internasional yang berhasil di raih mahasiswa FTMM sebagai berikut, Enam medali emas, Delapan medali silver, Satu medali perunggu, dan dua best company profile.

Di sisi lain, mahasiswa FTMM juga telah berhasil menyabet puluhan prestasi nasional yang bergengsi. Dengan rincian sebagai berikut, Enam medali emas, Delapan Medali Silver, Sepuluh medali perunggu, dan Tujuh best presentation.

Pencapaian ini adalah langkah awal kontribusi FTMM dalam memberikan sumbangsih kepada bangsa. Terlebih, sebagai pilar keempat bidang engineering, FTMM juga akan berfokus pada riset teknologi berbasis kesehatan maupun multidisiplin. Hal ini bukan tidak lain karena FTMM hadir untuk menjawab tantangan zaman.","Fakultas teknik unggul dan bermartabat yang berperan aktif dalam pengembangan, penerapan dan kolaborasi ilmu pengetahuan dan teknik yang maju, serta berintegritas tinggi, berbudaya, berasaskan Pancasila dan berdasarkan moral agama untuk menyelesaikan persoalan bangsa.","- Menyelenggarakan pendidikan sarjana yang berwawasan internasional untuk menghasilkan lulusan bermoral agama dan mumpuni di bidang ilmu pengetahuan dan teknik yang berdaya guna dan mengabdi untuk kepentingan bangsa.
- Menumbuhkan dan mengembangkan kreativitas, melaksanakan penelitian dan pengabdian kepada masyarakat yang berlandaskan budaya bangsa.
- Mengembangkan kerjasama yang luas dengan lembaga di dalam dan di luar negeri.","Gedung Nano, Jl. Dr. Ir. H. Soekarno Kampus C, Mulyorejo, Kec. Mulyorejo, Surabaya, Jawa Timur 60115","Helpdesk: +62 881-0360-00830
Email: info@ftmm.unair.ac.id","Instagram: http://instagram.com/ftmmunair
Youtube: https://www.youtube.com/@ftmmunair
X: http://twitter.com/ftmmunair
LinkedIn: https://www.linkedin.com/in/ftmm-universitas-airlangga-8161ab207","Biru, Perak, Ungu","- Warna biru  prusia  (prussian  blue)  melambangkan  FTMM  sebagai  pilar  teknologi  di Universitas Airlangga.
- Warna perak (silver) memiliki makna kemajuan dan harapan sesuai dengan filosofi didirikannya FTMM sebagai bentuk kontribusi untuk Indonesia yang lebih maju melalui penguasaan teknologi.
- Warna  pompadour   melambangkan   harmonisasi   dan   kolaborasi   multidisiplin   ilmu sebagaimana visi pendirian FTMM yang turut berperan aktif dalam pengembangan, penerapan dan kolaborasi IPTEK yang maju.
- Tiga buah warna yang berjajar melambangkan FTMM yang berangkat dari 3 pilar yang telah ada (health science, life science dan social science), teknologi hadir sebagai katalis kolaborasi antar pilar sehingga membawa keseimbangan bagi Universitas Airlangga sebagai institusi yang komprehensif.","- Bentuk huruf tanpa sudut melambangkan FTMM sebagai Fakultas yang dinamis dan mampu beradaptasi terhadap berbagai tantangan.
- Huruf yang saling bersambung melambangkan kontinuitas FTMM dalam mengembangkan IPTEK.
- Warna biru dan kuning merupakan warna dasar Universitas Airlangga tempat FTMM bernaung.
- Gradasi warna pada logo melambangkan FTMM yang kolaboratif dengan berbagai disiplin ilmu yang ada.","Fakultas Teknologi Maju dan Multidisiplin berlokasi di Gedung Kuliah Bersama (GKB) UNAIR Kampus C.
Di gedung ini, FTMM menempati lantai Ground sebagai laboratorium pendidikan, Lantai 1 sebagai ruang administrasi akademik dan kemahasiswaan, ORMAWA, serta laboratorium pendidikan. Lantai 6 sebagai ruang kelas, lantai 8 sebagai ruang dosen dan laboratorium komputer Hig Grade & Mid Grade. Serta lantai 10 sebagai ruang pimpinan FTMM, administrasi sarana prasarana, sdm dan keuangan, serta Research Centre Nanotechnology","- Bernama Cirion (Cybernetic Innovation and Resourceful Integration Over Networks)
- Mahkota dengan elemen, menandakan produk kolaborasi antara 5 prodi
- Pada bagian dada Cirion, terdapat lampu menyala bernama Arc Reactor. Lampu ini melambangkan energi dari maskot. Menggambarkan semangat tidak kenal lelah dan kekuatan yang dimiliki mahasiswa FTMM. Dalam mengejar ilmu dan pengetahuan serta teknologi. "