Nama Mata Kuliah,Kode Mata Kuliah,Beban Studi,Prodi,Semester,Prasyarat,Capaian Pembelajaran Mata Kuliah,Deskripsi Mata Kuliah/Silabus
Agama Islam I,AGI101,2 sks,general,1.0,Tidak Ada,"Setelah mengikuti perkuliahan, mahasiswa dapat: a). mengimplementasikan berbagai macam cara untuk memperkuat Iman dan Takwa, b). mengembangkan akhlak mulia, serta c). menjadikan ajaran Islam sebagai landasan berfikir dan berperilaku dalam pengembangan profesi.","Mata kuliah Agama Islam I membahas tentang: a). Konsep Ketuhanan dalam Islam, b) Keimanan, Ketakwaan dan Implementasinya dalam Kehidupan, c). Hakikat Manusia Menurut Islam, d). Hukum, HAM dan Demokrasi dalam Islam, e). Hukum Islam dan Kontribusi Umat Islam Indonesia, f). Etika, Moral dan Akhlak, g). IPTEK dalam Islam, h). Masyarakat Madani, i). Kerukunan Antar Umat Beragama, j). Ekonomi Islam dan Kesejahteraan Umat, k). Kebudayaan dan Seni dalam Islam, serta l). Sistem Politik Islam."
Agama Katolik I,AGK101,2 sks,general,1.0,Tidak Ada,"Setelah mengikuti perkuliahan, mahasiswa strata satu (1) dapat menerapkan berbagai macam cara memperkuat Iman & Takwa dan mengembangkan akhlak mulia serta menjadikan ajaran Katolik sebagai landasan berpikir & berperilaku dalam pengembangan ilmu dan profesi.","1. Tuhan Yang Maha Esa 2. Manusia 3. Etika Moral 4. Dialog dan Kerukunan Umat Beragama 5. IPTEKS dan Iman Katolik 6. Budaya dan Iman Katolik 7. Iman dan Sosial Politik 8. Hukum, HAM dan Demokrasi "
Agama Protestan I,AGP101,2 sks,general,1.0,Tidak Ada,"Setelah mengikuti perkuliahan, mahasiswa dapat: a). mengimplementasikan berbagai macam cara memperkuat Iman dan Takwa, b). mengembangkan akhlak mulia serta c). menjadikan ajaran Kristen Protestan sebagai landasan berfikir & berperilaku dalam pengembangan profesi.","membahas tentang Protestan merupakan sebuah mata kuliah yang menjadikan agama sebagai sumber nilai dan pedoman dalam pengembangan kepribadian Kristiani yang menjunjung tinggi harkat dan martabat manusia. Mata kuliah ini disajikan berdasarkan komponen Kurikulum Berbasis Kompetensi (KBK), yang terdiri dari Kompetensi, Substansi Kajian, Sub Kajian dan seluruh proses pembelajaran termasuk metodologi dan evaluasi. Substansi kajian merupakan topik yang telah ditetapkan oleh Ditjen Dikti melalui SK No. 38/Dikti/Kep/2002."
Agama Hindu I,AGH101,2 sks,general,1.0,Tidak Ada,"Setelah mengikuti perkuliahan, mahasiswa dapat a). mengimplementasikan berbagai macam cara memperkuat Iman dan Takwa b). mengembangkan akhlak mulia serta c). menjadikan ajaran Hindu sebagai landasan berfikir & berperilaku dalam pengembangan profesi.","Mata kuliah ini membahas tentang a). Konsepsi Ketuhanan (Brahma Widya), b). Catur Marga Yoga, c). Hakekat Manusia Hindu I, d). Hakekat Manusia Hindu II, d). Etika dan Moralitas I, e). Etika dan Moralitas II, f). Ilmu Pengetahuan Teknologi Dalam Perspektif Hindu I, II, g). Kerukunan Hidup Umat Beragama, h). Masyarakat Kerja Jagadhita, i). Budaya Sebagai Pengalaman Ajaran Hindu, j). Politik Menurut Perspektif Hindu, Hindu Dalam Kerangka Menegakkan Keadilan."
Agama Budha I,AGV101,2 sks,general,1.0,Tidak Ada,"Setelah mengikuti perkuliahan, mahasiswa dapat mengimplementasikan berbagai macam cara memperkuat Iman & Takwa dan mengembangkan akhlak mulia serta menjadikan ajaran Budha sebagai landasan berfikir & berperilaku dalam pengembangan profesi.","1) Hakekat Tuhan Yang Maha Esa, didalam kitab suci UDANA VIII : 3 dilukiskan sebagai berikut : Yang Mutlak dan tidak berkondisi dan tidak dilahirkan adalah Nibbana (orang yang telah mencapai kesucian) Arahat 2) Lahirnya P. Sidarta selama enam tahun dan pencapain penerangan sempurna (menjadi) Buddha, pembabaran Dharma di Taman Isipatana terbentuknya Sangha 3) Sebelum seseorang menjadi Buddha harus menajdi seorang Bodisatva, mempunyai sifat Metta Karuna dan Mudita dan lebih mementingkan orang lain daripada diri sensiri 4) Humum keTidak AdaSunyataan yang berlaku di 31 alam kehidupan, alam Arupa Loka, Rupa Loka dan Karma Loka 5) Hukum karma perbuatan yang dilakukan oleh mano Vacci dan karma dan didorong oleh cetana, tanpa cetana tidak akan ada satu karma. Karma adalah hasil dari perbuatan dan akan menerima, menerapkan serta melaksanakan. "
Agama Konghucu I,AGC101,2 sks,general,1.0,Tidak Ada,"Setelah mengikuti mata kuliah ini mahasiswa dapat mengimplementasikan berbagai macam cara: a). mengembangkan akhlak mulia serta menjadikan ajaran Konghucu sebagai landasan berfikir dan berperilaku dalam pengembangan profesi, b). dapat menetapkan tujuan hidup baik jangka pendek maupun jangka panjang, c). sebagai mahluk pengemban Firman Tia dan mampu menghadapidan mengatasi kesulitan, cobaan, penderitaan dan bencana dengan sikap hidup yang tepat, sesuai dengan pemahaman dan penghayatan atas hakikat kehidupan sebagai anugerah Tian (K3).","Mata kuliah ini membahas tentang: a. pengetahuan, nilaiTidak Adanilai dasar dan contoh contoh penerapan agama Khonghucu, b. Mendorong menjadi seorang Junzi (insan berbudi luhur) yang mengharmoniskan hubungan antara Tian (Tuhan), Di (Alam Semesta), dan Ren (Manusia); c. Memuliakan Lima Hubungan Kemasyarakatan (Wu Lun), menerapkan prinsip ZhiRen Yong (Bijaksana, Cinta Kasih dan Berani) sebagai wujud nyata memuliakan Tian, d. Menjunjung leluhur e. NilaiTidak Adanilai Kebajikan hakiki dalam kehidupan"
Pancasila,NOP103,2 sks,general,1.0,Tidak Ada,"Mampu merespons persoalan aktual bangsa dan negara, serta menerapkan nilaiTidak Adanilai Pancasila dalam kehidupan berbangsa dan bermasyarakat dengan capaian akhir mahasiswa mampu: memecahkan masalahTidak Adamasalah kebangsaan terkait Pancasila dengan membuat project kebangsaan sebagai berkontribusi dalam peningkatan mutu kehidupan bermasyarakat, berbangsa, bernegara, dan kemajuan peradaban berdasarkan Pancasila (C6, A2, P7)","Mata kuliah ini membahas: 1) Pancasila dalam kajian sejarah bangsa, Pancasila sebagai dasar negara, 2) Pancasila sebagai ideologi negara, 3) Pancasila sebagai sistem filsafat, 4) Pancasila sebagai sistem etika, 5) Nilai Pancasila sebagai dasar pengembangan ilmu, 6) Pemaknaan SilaTidak Adasila Pancasila, dan contoh penerapan dalam kehidupan berbangsa dan bermasyarakat"
Kewarganegaraan,NOP104,2 sks,general,1.0,Tidak Ada,"mahasiswa mampu menganalisis masalah masalah kontekstual kebangsaan, dengan mengembangkan sikap positif dan menampilkan perilaku sebagai cerminan: (i) semangat kebangsaan dan cinta tanah air, (ii) demokrasi berkeadaban, dan (iii) kesadaran hukum dan keragaman.","(i) PKn sebagai orientasi penguatan (dan pemantapan) karakter Bangsa Indonesia; (ii) identitas nasional, Politik Identitas, dan Nasionalisme Indonesia; (iii) Negara dan Konstitusi, Hubungan Negara dengan Warga Negara; (iv) Demokrasi Indonesia dan Pendidikan Demokrasi di Indonesia, Negara Hukum dan HAM; (v) Wawasan Nusantara sebagai Geopolitik Indonesia dan Ketahanan Nasional sebagai Geostrategi Indonesia di ranah globalisasi; (vi) Otonomi Daerah (Undang Undang tentang Desa). Bela Negaram, dan Perdamaian dunia; (vii) Integrasi Nasional; (viii) Pendidikan Antikorupsi; dan (ix) ketaatan pajak"
Bahasa Indonesia,BAI101,2 sks,general,1.0,Tidak Ada,"Setelah mengikuti mata kuliah ini mahasiswa mampu menerapkan pemakaian bahasa Indonesia yang baik dan benar, baik dalam komunikasi lisan maupun tulis berdasarkan kaidah dan etika ilmiah.","Mata kuliah ini membahas materi: a) Sejarah, fungsi, dan kedudukan bahasa Indonesia, b) ragam bahasa, c) penulisan ejaan yang disempurnakan, kalimat efektif, dan pengembangan paragraf d) penulisan karangan ilmiah (sistematika karangan ilmiah, teknik mengutip, teknik menyusun daftar pustaka, serta perwajahan dalam karangan ilmiah), e) presentasi ilmiah."
Data dan Pustaka,SIP107,2 sks,general,1.0,Tidak Ada,Mahasiswa mampu menggunakan data dan referensi ilmiah untuk mengambil keputusan dan mempersuasi.,"Mata kuliah ini bertujuan untuk mendorong mahasiswa belajar untuk memahami cara menginterpretasi dan menggunakan data dengan baik dan bertanggung jawab, sehingga mahasiswa dapat menyusun argumentasi yang kuat dan koheren, serta membekali mahasiswa dengan kemampuan untuk mengevaluasi kualitas argumentasi pihak/orang lain. Tidak semua orang akan menjadi ilmuwan yang harus merencanakan desain penelitian, mengumpulkan data, menganalisisnya dan menarik kesimpulan, namun literasi data akan membantu mahasiswa untuk mengambil keputusanTidak Adakeputusan dalam kehidupan sehariTidak Adahari yang terpandu oleh data. Selain itu, mahasiswa didorong untuk berlatih mencari, membaca, mengevaluasi, dan memilah klaim atau informasi yang dimuat dalam literatur ilmiah. Dalam mata kuliah ini, mahasiswa juga diberi kesempatan untuk berlatih mengorganisasi referensi ilmiah dengan bantuan aplikasi pengelola referensi. "
Biologi Dasar,BID101,2 sks,general,1.0,Tidak Ada,Mampu menerangkan prinsipTidak Adaprinsip biologi dengan benar dan mengaplikasikannya dalam menerangkan fenomena kehidupan berdasarkan prinsip biologi,"Pengantar Biologi, sel sebagai unit kehidupan, metabolisme sel, sintesis protein dan replikasi, struktur dan fungsi tumbuhan serta hubungan antara struktur dan fungsi tumbuhan, struktur dan fungsi Hewan serta hubungan antara struktur dan fungsi hewan, homeostasis pada tingkat seluler, homeostasis pada tingkat organisme, pengelompokan organisme dan konservasi sumber daya hayati, interaksi organisme dan lingkungannya, reproduksi sel dan organisme, evolusi pada tingkat gen, sel, dan organisme; bioteknologi modern, database informasi biologi, telaah kasus bidang biologi 1 tahun terakhir. "
Kimia Dasar,KID101,2 sks,general,1.0,Tidak Ada,"Setelah mengikuti mata kuliah ini diharapkan mahasiswa dapat mengidentifikasi senyawa karbon menguraikan komposisi materi, dan dapat menghitung secara kuantitatif antara reaktan dan produk dalam reaksi kimia.","Struktur atom dan sistem periodik; Ikatan kimia: ikatan ionik, ikatan kovalen, ikatan koordinasi, ikatan hidrogen; Stoikhiometri; Redoks dan Termokimia; Laju Reaksi; Kesetimbangan Reaksi; Larutan: jenis dan konsentrasi, sifat koligatif larutan; Pengantar Kimia Organik: Hidrokarbon Alifatis (alkana dan sikloalkana, alkil halida) alkena dan alkuna, Senyawa Aromatis; Alkohol dan Eter."
Pengantar Statistika,MAS120,3 sks,Teknologi Sains Data,1.0,Tidak Ada,"Setelah mengikuti mata kuliah ini, mahasiswa mampu menerapkan konsep dan metode statistika sesuai dengan permasalahan dan karakteristik data dengan baik dan benar.","Terminologi dalam statistika, pola pikir statistika, statistika deskriptif, variabel random, distribusi probabilitas, distribusi sampling, selang kepercayaan, estimasi, pengujian hipotesis."
Pengantar Pemrograman,SIA104,2 sks,Teknologi Sains Data,1.0,Tidak Ada,"Setelah menyelesaikan ini, mahasiswa semester 1 Program Studi Teknologi Sains Data dapat: 1. Memahami konsep pola fikir komputasi (computational thinking). 2. Menganalisis permasalahan menggunakan pola fikir komputasi (computational thinking). 3. Menyusun algoritma komputasi untuk pemecahan masalahTidak Adamasalah sederhana. 4. Memahami konsep pemrograman prosedural menggunakan bahasa pemrograman Phyton.","Mata kuliah pengantar pemrograman membahas mengenai konsep pola fikir komputasi (computational thinking), metode pemecahan masalah menggunakan pola pikir komputasi, algoritma penyelesaian masalahTidak Adamasalah sederhana, dan pengantar pemrograman prosedural menggunakan bahasa pemrograman Phyton. "
Logika dan Pemikiran Kritis,PHP103,2 sks,general,2.0,Tidak Ada,Mampu melakukan tinjauan kritis atas perkembangan dan problem sains modern,"Logika dan Pemikiran Kritis merupakan mata kuliah yang mengkaji pertanyaanTidak Adapertanyaan filosofis utama mengenai hakikat sains, cara kerja sains, metode pemerolehan sains, dan implikasi perkembangan sains modern. Mata kuliah ini juga berupaya mengkaji posisi sains dalam semesta filsafat serta peranan filsafat dalam perdebatan aturanTidak Adaaturan dasar dari sains modern. Mata kuliah ini diarahkan pada tiga tema utama; pertama, mengeksplorasi perbedaan sains dengan common sense, termasuk karakteristik dan metode pemerolehannya yang merupakan pokok kajian dalam filsafat ilmu. Kedua, mengkaji transisi besar dalam tradisi filsafat ilmu, yaitu falsifikasi (Karl Raimund Popper) dan perubahan paradigma/scientific revolution (Thomas Kuhn). Ketiga, mengkaji perdebatanTidak Adaperdebatan klasik dalam filsafat ilmu, termasuk pertanyaan apakah realitas mampu dijelaskan secara paripurna oleh sains? Bagaimana kontekstualitas sejarah memberikan pengaruh terhadap perkembangan sains? Seperti apa keberhasilan (dan kegagalan) sains dalam mentransformasikan peradaban manusia? Terakhir, mahasiswa diajak untuk menghayati implikasi praktikal yang dibawa filsafat ilmu pada ragam metodologi penelitian modern."
Pengantar Kolaborasi Keilmuan,MNM107,2 sks,general,2.0,Tidak Ada,"Mampu mengaplikasikan kerjasama dan berkolaborasi interdisiplin, membina kerjasama berdasarkan kompetensi dalam menyelesaikan masalah di dalam kehidupan bermasyrakat baik berupa masalah kesehatan, sosial, dan humaniora.",1) motivasi membangun karakter kerjasama dan kolaborasi; (2) Konsep collaboration interprofesional education; (3) Konsep dasar leadership dan pengambilan keputusan; (4) komunikasi dan kerjasama interdisipliner; (5) komunikasi kolaborasi; (6) Konsep komunitas; (7) Pelaksanaan kolaborasi dalam komunitas; (8) Project base learning IPE; (9) Community Project base learning IPE
Komunikasi dan Pengembangan Diri,MNM106,2 sks,general,2.0,Tidak Ada,"1. Mampu memahami dan mengembangkan diri serta meningkatkan kapasitas belajarnya; 2. Mampu memimpin dan bekerjasama dalam tim; 3. Mampu meningkatkan mutu sumber daya yang dimiliki untuk pengembangan organisasi, jaringan kerja dan bertanggung jawab atas pekerjaan sesuai etik profesi; 4. Mampu menginternalisasi nilai, norma, etik akademik, semangat kemandirian, kejuangan, dan kewirausahaan sesuai prinsip dasar civitas akademika UNAIR HEBAT dan Excellent with Morallity.",Mata kuliah ini memberikan wawasan dan kesempatan bagi mahasiswa untuk dapat menggali potensi diri agar mampu mengembangkan serta meningkatkan kapasitas diri melalui sinergi dengan aktivitas pembinaan di Unit Kegiatan Mahasiswa dan kegiatan organisasi kemahaiswaan lainnya
Fisika Dasar,FID113,2 sks,general,2.0,Tidak Ada,"Mahasiswa mampu memahami konsep vektor dan konsep dasar dalam mekanika, fluida, elastisitas dan osilasi, gelombang suara, dan termodinamika.","Pengantar Fisika, pengukuran dan sistem satuan, vektor, kinematika objek titik, dinamika objek titik, dinamika sistem objek titik, Gerakan rotasi (momentum sudut, rotasi benda tegar), fluida statis dan dinamis, elastisitas dan osilasi, gelombang suara, termodinamika (temperatur, teori kinetik gas, panas dan usaha, hukum termodinamika, efisiensi, dan siklus Carnot)."
Matematika,MAT108,3 sks,"Teknologi Sains Data, Teknik Industri",2.0,Tidak Ada,"Setelah mengikuti mata ajaran ini mahasiswa diharapkan dapat mahasiswa diharapkan dapat menggunakan konsepTidak Adakonsep sistem bilangan real, bilangan kompleks, fungsi dan limit, turunan dan aplikasinya, serta integral dan aplikasinya.","1) Konsep dasar sistem bilangan real: pengertian sistem bilangan real, bentuk desimal bilangan real, koordinat real, sifat urutan, pengertian nilai mutlak, pertidaksamaan, koordinat bidang, garis, jarak dua titik, lingkaran, parabola. 2) KonsepTidak Adakonsep fungsi dan limit: domain, range, operasi fungsi, grafik fungsi (linier, kuadratik, transcendent), limit dan kontinuitas fungsi, limit dan kontinuitas fungsi trigonimetri. 3)  Diferensial/turunan : definisi turunan, aturanaturan diferensisasi(untuk fungsi polynomial, rasional, transcendent dan trigonometri), aturan rantai dan turunan fungsi implisit. 4) Aplikasi Turunan : lajuTidak Adalaju berkaitan, interval naik/ turun, kecekungan, penggambaran grafik yang mempunyai asimtot dan puncak, nilai ekstrema dan aplikasi masalah optimasi 5) Integral: integral tentu, tak tentu. 5) Aplikasi Integral: luas di bawah kurva. "
Pengantar Teknologi Maju,TNM101,2 sks,general,2.0,Tidak Ada,"Setelah mengikuti mata kuliah ini, mahasiswa mampu menjelaskan konsep dasar, ruang lingkup, dan wawasan keilmuan dari prodi Teknologi Sains Data, Teknik Robotika dan Kecerdasan Buatan, Rekayasa Nanoteknologi, Teknik Industri, dan Teknik Elektro.","Pengenalan ilmu dan pengetahuan di bidang Teknologi Sains Data, Teknik Industri, Teknik Robotika dan Kecerdasan Buatan, Rekayasa Nanoteknologi, dan Teknik Elektro; integrasi kelima prodi di STMM; konsep sains data dan ruang lingkup keilmuan di Teknologi Sains Data, meliputi big data, manajemen data/ cloud computing, metode analisis data, visualisasi data, dan implementasi sains data di bidang kesehatan, sosial dan komunikasi industri, serta bisnis dan finansial."
Metode Statistika,MAS104,3 sks,Teknologi Sains Data,2.0,Pengantar Statistika,Mahasiswa mampu memadukan dan menunjukkan metode statistika inferensia dan teknik pengambilan sampel sesuai dengan teori statistika dengan benar.,"Perbedaan metode statistika parametrik dan nonparametrik, uji kesesuaian distribusi, korelasi untuk data kategorik dan numerik, oneTidak Adaway dan twoTidak Adaway ANOVA, regresi linier sederhana dan berganda, teknik sampling (probability dan non probability sampling)."
Algoritma Pemrograman I,SIA109,2 sks,Teknologi Sains Data,2.0,Pengantar Pemrograman,Mampu menganalisis masalah dan mengaplikasikan konsep pemrograman dasar dalam solusi untuk permasalahan nyata sederhana menggunakan program komputer Python dengan benar.,"Mata kuliah ini memberikan pengantar prinsip prinsip pemrograman komputer prosedural. Konsep, struktur, dan metode pemrograman dasar diperkenalkan, diperagakan, dan dipraktikkan melalui pembelajaran Python 3: bahasa pemrograman komputer tingkat tinggi."
Matematika Lanjut,MAT110,3 sks,Teknologi Sains Data,3.0,Matematika,"Setelah mengikuti mata ajaran ini mahasiswa diharapkan dapat menggunakan konsepTidak Adakonsep integrasi, koordinat kutub, barisan dan deret tak hingga, persamaan diferensial, integral lipat, geometri bidang dan ruang, dan turunan di Rn.","1) Aplikasi integral: luas antar 2 kurva, volume benda putar, panjang busur, momen inersia. 2) Konsep teknik integrasi: integrasi fungsi trigonometri, integrasi numerik, dan integral tidak wajar, aturan simpson. 3) Koordinat kutub dan persamaan parametrik: fungsi dan grafiknya dalam koordinat kutub, luas dataran dan panjang busur dalam koordinat kutub, fungsi dalam bentuk parametrik, luas dan panjang busur fungsi parametrik, garis singgung. 4) Barisan dan deret tak hingga: barisan, konvergensi barisan, deret tak hingga, uji kekonvergenan dan menghitung jumlah deret tak hingga yang konvergen, pengertian deret pangkat, deret Taylor dan deret McLaurint. 5) Persamaan diferensial biasa dan parsial: pengenalan PDB dan PDP. Integral lipat: Turunan di Rn, integral lipat 2 dan 3 beserta aplikasinya 6) Geometri di Bidang dan Ruang (visual) "
Bahasa Inggris,BAE110,2 sks,general,3.0,Tidak Ada,Setelah mengikuti mata kuliah ini mahasiswa mampu menginterpretasi berbagai teks akademik dalam bahasa inggris berdasarkan metode yang telah diajarkan.,"1) Reading Comprehension: Previewing and Predicting, Scanning and Skimming, Making inferences, Looking for the topic and main ideas, Reading graphics and tables, Facts and opinions, Pattern of Organization, summarizing. 2) Speaking: Discussion, Presentation 3) Writing: Making simple sentences, compound sentences and complex, Drafting a paragraph, Writing a paragraph. 4) Grammar: Question Forms, Present Simple, Past Simple, Time phrases in the past (in, on, at, ago), modals (can, can not, have to, do not have to, should, should not), the present continuous, Comparative and superlative, Present perfect, Articles, Used to Past continuous and Passive "
Statistika Nonparametrik,MAS245,3 sks,Teknologi Sains Data,3.0,Metode Statistika,Setelah mengikuti mata kuliah ini mahasiswa dapat menjelaskan dan menerapkan berbagai analisis statistika non parametrik.,"Statistika non parametrik merupakan salah satu mata kuliah pemodelan yang menganalisis data kualitatif. Mata kuliah ini mempelajari metode analisis data dengan sampel kecil dan tidak berdistribusi normal. Pokok bahasan: Dasar statistika nonTidak Adaparametrik, pengujian hipotesis sampel tunggal, pengujian dua sampel independen, pengujian dua sampel dependen, pengujian k sampel dependen dan independen, tabel kontingensi, uji keselarasan dan korelasi peringkat."
Probabilitas,MAS106,4 sks,Teknologi Sains Data,3.0,Pengantar Statistika,Setelah mengikuti mata kuliah ini mahasiswa diharapkan dapat menguasai konsep teori peluang sesuai definisi dengan benar.,"Teknik Menghitung: Asas Perkalian, permutasi, kombinasi. Probabilitas, Dua atau lebih Kejadian: Saling Bebas, Formula Bayes. Probabilitas bersyarat. Variabel random, pdf, CDF, Ekspektasi Matematik, MGF. Dua Variabel Random: Distribusi bersama, distribusi maginal, dua variabel saling bebas, distribusi bersyarat, Ekspektasi bersyarat, Covariance, Korelasi. Distribusi Khusus tipe diskrit dan kontinu. Penggunaan MGF dan CDF untuk menentukan distribusi variabel acak baru."
Teknologi Hijau,TNM102,2 sks,general,3.0,Tidak Ada,"Setelah mengikuti mata kuliah ini, mahasiswa dapat menguraikan konsep dasar teknologi hijau dan menguraikan peran yg dapat dilakukan oleh masing masing keahilan bidang teknik (TI, TE, TSD, TRKB, RNT) dalam mendukung terwujudnya teknologi hijau.","Mata kuliah ini membahas tentang wawasan dan keilmuan dibidang Teknik Lingkungan (Sejarah Revolusi Industri dan hubungannya dengan Green Technology; hubungan antara Green Technology dengan Global Warming; hubungan antara Sustainable Development Goals dan Green Technology), Teknik Industri (aspek lingkungan fisik yang dipengaruhi oleh rancangan sistem integral) Teknologi Sains Data (green data center dan pembangunan green data center dari segi teknologi dan strategi; peran dari pengelolaan data geospasial dalam menjawab permasalahan permasalahan lingkungan), Teknik Robotika dan Kecerdasan Buatan (aplikasi robotika dan AI pada teknologi hijau), Rekayasa Nanoteknologi (proses sintesis nanomaterial dengan mengaplikasikan green chemistry sebagai sustainable manufacturing practice; aplikasi nanoteknologi dalam pengolahan limbah di industri dan lingkungan dan pemanfaatan sebagai sumber energy) dan Teknik Elektro (Potensi energi terbarukan di Indonesia; Prinsip kerja pembangkit energi terbarukan)"
Eksplorasi dan Visualisasi Data,SID205,3 sks (2 sks kuliah dan 1 sks praktikum),Teknologi Sains Data,3.0,Metode Statistika,"Mahasiswa mampu menjelaskan tujuan eksplorasi dan visualisasi data; menerapkan pengetahuan dan pemahaman atas Eksplorasi dan Visualisasi Data termasuk berpikir kreatif, inovatif dan mampu menerapkannya dalam sebuah data; menggunakan bahasa pemrograman R untuk eksplorasi dan visualisasi data dengan baik dan benar; mendemonstrasikan tools R Studio untuk eksplorasi; menerapkan dan memahami metode statistika dasar untuk memahami data; membuat plot yang sesuai dengan karakteristik data sehingga didapatkan insight dan kesimpulan yang baik dan benar dari data; menciptakan ide baru atau cara pandang yang kritis dalam melihat konsep Eksplorasi dan Visualisasi Data maupun permasalahan yang dihadapi pada kondisi nyata; menerapkan keterampilan komunikasi efektif dalam rangka penyampaian argumentasi empiris","Mahasiswa melakukan eksplorasi data, meninjau metode yang tepat untuk ringkasan data dengan tujuan untuk merangkum, memahami, mengekstrak pola tersembunyi dan mengidentifikasi hubungan antar variabel pada data. Menggunakan grafik sederhana untuk memahami data, tetapi juga metode canggih untuk meneliti data dan plot interaktif untuk mengkomunikasikan informasi data ke khalayak yang lebih luas. Untuk analisis data dan visualisasi dilakukan dengan tools RStudio, yang dikombinasikan dengan aplikasi R shiny untuk membuat grafik interaktif dan R markdown untuk membuat laporan yang rapi."
Riset Operasi,MAS212,3 sks,Teknologi Sains Data,3.0,Tidak Ada,Setelah mengikuti mata kuliah ini mahasiswa diharapkan dapat menguasai prinsip riset operasi dan menerapkan modelTidak Adamodel dalam riset operasi.,"Riset operasi merupakan disiplin ilmu yang menerapkan alatTidak Adaalat analitis berdasarkan metode kuantitatif untuk membantu pengambilan keputusan. Pokok bahasan: program linier, metode simplek, dualitas dan sensitifitas, persoalan transportasi, CPM dan PERT, teori antrian, jaringan kerja proyek"
Matematika Diskrit,MAL204,3 sks,"Teknologi Sains Data, Teknik Robotika dan Kecerdasan Buatan",3.0,Tidak Ada,"Setelah mengikuti mata kuliah ini mahasiswa diharapkan dapat menjelaskan konsep pokok terkait himpunan, relasi antar himpunan, dan menggunakan teknik induksi matematika dalam pembuktian suatu teorema.","Kaidah pencacahan, permutasi dan kombinasi; prinsip inklusi dan eksklusi, prinsip sarang merpati, relasi urutan parsial dan relasi urutan total, penyelesaian relasi rekurensi, bilangan fibonacci, penyelesaian fungsi rekursif, graf, graf terhubung, isomorfisma graf, pohon, matriks keterhubungan suatu graf, graf planar, graf euler, matching maksimum."
Algoritma Pemrograman II,SIA206,3 sks (2 sks kuliah dan 1 sks praktikum),Teknologi Sains Data,3.0,Algoritma Pemrograman I,"Pada akhir Mata Kuliah, mahasiswa diharapkan dapat menerapkan deployment model, web programming with Python, API serta menyelesaikan permasalahan/ proyek dengan menggunakan algoritma pemrograman.","Deployment model, web programming with Python, API, projectTidak Adabased"
Regresi Terapan,MAS230,3 sks,Teknologi Sains Data,3.0,Metode Statistika,Setelah mengikuti mata kuliah ini mahasiswa diharapkan mampu menerapkan metode regresi pada data riil.,"Regresi linier berganda, Inferensi pada regresi linier berganda, Regresi polinomial, Diagnostik model regresi, Estimasi kurva, Penyimpangan asumsi galat, dan Pemilihan model regresi terbaik."
Teori Komunikasi Massa,SOK213,2 sks,Teknologi Sains Data,3.0,Tidak Ada,"Pada akhir Mata Ajar, mahasiswa diharapkan dapat: 1) Menjelaskan dan mengkritik teori komunikasi massa khususnya pada media baru. 2) Menjelaskan pengaruh teknologi pada komunikasi massa dan media.","Mata kuliah ini membahas teori dan sejarah komunikasi massa serta perkembangannya hingga saat ini, selain itu membahas tentang pengaruh teknologi terhadap komunikasi massa serta keuntungan dan kerugian dalam pengintegrasian teknologi dan komunikasi massa."
Pengantar Kecerdasan Buatan,SIC203,3 sks,Teknologi Sains Data,4.0,Tidak Ada,"Pada akhir Mata kuliah ini mahasiswa diharapkan dapat: 1) Menjelaskan dan mengkritik argumen yangtelah diajukan tentang kecerdasan buatan. 2) Menjelaskan dan terapkan prosedur pencarian buta dan heuristik standar, tunjukkan pemahaman tentang kekuatan dan kelemahan mereka dan bagaimana hal itu dapat diterapkan untuk memecahkan masalah yang didefinisikan dengan baik. 3) Menjelaskan pengoperasian berbagai prosedur pembelajaran mesin yang ada dan tunjukkan pemahaman tentang jenis masalah yang sesuai untuk mereka.","Mata kuliah ini memberikan pengantar untuk bidang dasar kecerdasan buatan: pencarian, representasi pengetahuan dan pembelajaran. Ini menopang semua bidang kecerdasan buatan yang lebih maju dan sangat penting bagi bidang terkait seperti permainan komputer dan robot. Dalam setiap bidang, berbagai metodologi dan teknik disajikan; Penekanan ditempatkan pada pemahaman kekuatan dan kelemahan mereka dan karenanya pada penilaian mana yang paling cocok untuk tugas tertentu. Mata kuliah ini juga memberikan pengantar argumen filosofis tentang kemungkinan mesin dapat berpikir."
Statistika Matematika,MAS316,3 sks,Teknologi Sains Data,4.0,Probabilitas,Setelah mengikuti mata kuliah ini mahasiswa diharapkan dapat menerapkan konsepTidak Adakonsep statistika inferensia dengan baik dan benar.,"Konsep inferensia statistika (estimasi dan uji hipotesis); metode estimasi titik dengan maximum likelihood estimation (MLE); Uniformly Minimum Variance Unbiased; estimasi titik dengan metode momen, metode kuadrat terkecil (least square), kriteria kebaikan estimator, statistik cukup; estimasi interval, selang kepercaya"
Komputasi Statistika,MAS246,3 sks (2 sks kuliah dan 1 sks praktikum),Teknologi Sains Data,4.0,Metode Statistika,Setelah mengikuti mata kuliah ini mahasiswa diharapkan mampu membuat algoritma untuk pemrograman prosedur statistika menggunakan Open Source Software R (OSSTidak AdaR)/ Python.,"Pengantar Open Source Software R (OSSTidak AdaR)/ Python, Struktur Data dan Manajemen Data dalam R/Python, Beberapa fungsi statistik dalam R/Python, Struktur Program R/Python, Seleksi Kondisi, Looping, Desain Widget Sederhana, Desain Widget Kompleks, Aplikasi Fungsi pada Desain Widget"
Pengantar Basis Data,SID206,4 sks (3 sks kuliah dan 1 sks praktikum),Teknologi Sains Data,4.0,Tidak Ada,"Pada akhir Mata kuliah ini mahasiswa diharapkan dapat: 1) menyiapkan skema relasional dari model konseptual yang dikembangkan menggunakan model hubungan entitas. 2) menggunakan pengertian relasi, kunci dan bentuk normal dalam desain basis data relasional. 3) membuat skema basis data relasional dalam SQL yang menggabungkan kunci, integritas entitas, dan kendala integritas referensial. 4) mendemonstrasikan definisi data dalam SQL dan mengambil informasi dari database menggunakan pernyataan SQL SELECT. 5) menggunakan sistem manajemen basis data relasional untuk membangun basis data.","Mata kuliah ini akan memberikan pengantar pemodelan data dan desain dan implementasi database relasional, dicontohkan menggunakan SQL. Mahasiswa akan menyiapkan skema relasional dari model konseptual menggunakan model hubungan entitas. Mereka akan memahami pengertian relasi, kunci, dan bentuk normal dalam desain basis data. Mahasiswa akan mendemonstrasikan definisi data dalam SQL dan mengambil informasi menggunakan SQL SELECT, yang mengarah ke sistem manajemen basis data relasional untuk membangun basis data."
Data Mining I,MAS207,4 sks,Teknologi Sains Data,4.0,Eksplorasi dan Visualisasi Data dan Algoritma Pemrograman I,"Pada akhir Mata kuliah ini mahasiswa diharapkan dapat membersihkan data, menganalisis, dan memvisualisasikan data untuk data terstruktur.","pengetahuan dan keterampilan tentang fase lengkap dari penambangan data, mulai dari pembersihan data, analisis sampai dengan visualisasi. Mahasiswa diajarkan dasarTidak Adadasar analisis data melalui contoh nyata, mulai dari belajar cara mengambil data mentah, mengekstrak informasi yang bermakna, menggunakan alat statistik, dan membuat visualisasi untuk data terstruktur."
Metode Matematika,MAA208,3 sks,Teknologi Sains Data,4.0,Tidak Ada,"Setelah mengikuti mata ajaran ini mahasiswa diharapkan dapat menjelaskan konsep pokok aljabar vektor, hukum Newton tentang gerak, gaya, momen gaya dan mampu menggunakan metode numerik untuk persamaan dan sistem persamaan tak linear; derivatif numerik dan integrasi numerik.","Pengantar vektor (jumlah dan selisih dua vektor, representrasi geometeris jumlah dan selisih vektor); operasi dasar matriks; sistem persamaan linier; ruang vektor; nilai dan vektor eigen; perhitungan akar dan solusi; kinematika gerak; hukum Newton tentang gerak, gaya, momentum dan momen gaya; metode numerik untuk persamaan dan sistem persamaan tak linear; derivatif numerik dan integrasi numerik."
Optimasi Kombinatorik,MAA209,2 sks,Teknologi Sains Data,4.0,Riset Operasi,Pada akhir Mata Ajaran ini mahasiswa diharapkan dapat: 1) merumuskan masalah perencanaan dan penjadwalan sebagai program integer; 2) menggunakan relaksasi dan dualitas pemrograman linear untuk menghasilkan batas atas untuk nilai objektif program integer; 3) menyelesaikan program integer dengan algoritma cuttingTidak Adaplane; 4) menyelesaikan program integer dan integer campuran dengan BranchTidak AdaandTidak AdaBound; 5) menerapkan algoritma dekomposisi Benders untuk program integer campuran.,"Pemrograman linier integer, pemrograman linier linear"
Analisis Data Spasial,MAS317,3 sks,Teknologi Sains Data,4.0,Tidak Ada,Setelah mengikuti mata kuliah ini mahasiswa diharapkan mampu mengaplikasikan analisis data spasial menggunakan perangkat lunak R dan GWR5.,"Pengantar Analisis Data Spasial, Ordinary Kriging, CoTidak AdaKriging, Peta Tematik, Regresi Spasial: Geographically Weighted Regression (GWR), Geographically Weighted Logistic Regression, Geographically Weighted Negative Binomial Regression (GWNBR), Mixed Geographically Weighted Regression (MGWR) dengan software Statistika (GWR 5 dan R)."
Analisis Data Medis,MAS247,3 sks,Teknologi Sains Data,4.0,Probabilitas,"Setelah mengikuti mata kuliah ini, diharapkan mahasiswa dapat menganalisis data medis dengan metode yang sesuai.","Uji normalitas data medis, aplikasi beberapa metode statistika pada data medis, statistika risiko, statistika diagnostik."
Kalkulus Peubah Banyak,MAA203,3 sks,Teknologi Sains Data,4.0,Matematika Lanjut,Setelah mengikuti mata kuliah ini mahasiswa diharapkan dapat menjelaskan konsep turunan dan integral fungsi dua peubah dan terapannya.,"Vektor, diferensial vektor, fungsi real peubah banyak, fungsi bernilai vektor, integral lipat, integral garis dan integral permukaan, teorema integral (teorema Green, Gauss, dan teorema Stokes)."
Teknologi Big Data,SID307,3 sks,Teknologi Sains Data,4.0,Tidak Ada,"Pada akhir Mata kuliah ini mahasiswa diharapkan dapat: 1) Mahasiswa mampu memahami desain dan arsitektur beberapa sistem penyimpanan data berskala besar (Hadoop, graph based database, dll). 2) Mahasiswa memahami dan mampu menerapkan beberapa metode penggalian data untuk data berskala besar. 3) Mahasiswa mampu menerapkan kaidahTidak Adakaidah big data di dalam kasus nyata (sistem rekomendasi konten, iklan, dan jejaring sosial). 4) Mahasiswa memahami dan mampu menerapkan optimasi dalam pengolahan data berskala besar.","Pada mata kuliah ini mahasiswa akan mempelajari tren dan aspekTidak Adaaspek yang ada di dalam big data (data dengan skala besar). Mata kuliah ini menekankan pada pengenalan serta implementasi sistem penyimpanan data dengan skala (volume), jenis (variety), dan kecepatan penyimpanan data (velocity) yang besar. Selain itu, akan dibahas juga mengenai beberapa teknik pemrosesan data dan penggalian data untuk big data."
Multivariat,MAS328,3 sks (2 sks kuliah dan 1 sks praktikum),Teknologi Sains Data,5.0,Probabilitas dan Metode Matematika,Setelah mengikuti mata kuliah ini mahasiswa diharapkan mampu menggunakan metode multivariat dan menganalisis data multivariat sesuai bidang ilmu terkait dengan bantuan perangkat lunak,"Distribusi multivariat dan sifatTidak Adasifatnya, Uji hipotesis: vektor mean, MANOVA satu Arah dan dua arah, Analisis Komponen Utama , Analisis Faktor, Analisis cluster, Analisis Diskriminan, Korelasi kanonik/ biplot, Analisis Korespondensi."
Data Mining II,SID306,4 sks (3 sks kuliah dan 1 sks praktikum),Teknologi Sains Data,5.0,Eksplorasi dan Visualisasi Data; Algoritma Pemrograman I,"Pada akhir Mata kuliah ini mahasiswa diharapkan dapat membersihkan data, menganalisis, dan memvisualisasikan data untuk data tidak terstruktur.","pengetahuan dan keterampilan tentang fase lengkap dari penambangan data, mulai dari pembersihan data, analisis sampai dengan visualisasi. Mahasiswa diajarkan dasarTidak Adadasar analisis data melalui contoh nyata, mulai dari belajar cara mengambil data mentah, mengekstrak informasi yang bermakna, menggunakan alat statistik, dan membuat visualisasi untuk data tidak terstruktur."
Basis Data,SID201,4 sks (3 sks kuliah dan 1 sks praktikum),Teknologi Sains Data,5.0,Pengantar Basis Data,Pada akhir Mata kuliah ini mahasiswa diharapkan dapat: 1) Memahami pemodelan dan normalisasi database relasional SQL 2) Menggunakan database SQL yang telah dirancang sebagai penyimpanan data sistem informasi sederhana 3) Mengetahui tipe database nonTidak Adarelational NoSQL dan aplikasinya dalam bidang professional saat ini,"Mata kuliah ini memperluas prinsipTidak Adaprinsip pemodelan basis data SQL yang ditetapkan pada mata kuliah pengantar sebelumnya, serta menggunakan database yang telah dirancang dalam sistem informasi sederhana CRUD (Create Read Update Delete). Konsep basis data non relasional serta kekuatan dan kelemahannya dibanding basis data relasional SQL juga akan dibahas."
Proses Stokastik,MAS223,3 sks,Teknologi Sains Data,5.0,Probabilitas,Mahasiswa mampu memformulasikan masalah ke dalam pemodelan statistika.,"Definisi proses stokastik, rantai Markov, proses Markov, Sistem Jaringan dan pengendalian, optimasi perancangan dan pengendalian proses stokastik"
Regresi Nonparametrik,MAS329,3 sks,Teknologi Sains Data,5.0,Regresi Terapan,Setelah mengikuti mata kuliah ini mahasiswa diharapkan mampu memodelkan data riil dengan pendekatan regresi nonTidak Adaparametrik dengan bantuan perangkat lunak.,"Pengantar regresi nonparametrik, estimator Kernel, estimator Lokal Linier, estimator Polinomial Lokal, Estimator LSTidak AdaSpline, estimator PTidak AdaSpline dan estimator Deret Fourier"
Matriks dan Peubah Kompleks,MAA210,3 sks,Teknologi Sains Data,5.0,Tidak Ada,"Setelah mengikuti mata kuliah ini mahasiswa diharapkan dapat menjelaskan operasi dasar pada bilangan kompleks, diagonalisasi matriks simestris dan dekomposisi nilai singular dari bentuk kuadratik.","1) Bilangan Kompleks: Operasi pada bilangan kompleks, Teorema de Moivre, akar keTidak Adan bilangan kompleks. 2) Vektor: Vektor di R2 dan R3, perkalian vektor dan perkalian skalar. 3) Matriks: penjumlahan dan perkalian matriks, penyelesaian sistem persamaan linear menggunakan operasi baris, nilai eigen dan vektor eigen, pemetaan linear, diagonalisasi matriks simetris, dekomposisi nilai singular dari bentuk kuadratik."
Analisis Ketahanan Hidup,MAS330,3 sks,Teknologi Sains Data,5.0,Statistika Matematika,"Setelah mengikuti mata kuliah ini, diharapkan mahasiswa dapat menganalisis data uji hidup sesuai dengan metode analisis data uji hidup secara tepat.","Konsep dasar analisis data uji hidup, fungsi survivor dan fungsi hazard, estimator nonparametrik fungsi survivor dan fungsi hazard, estimator fungsi survivor dan fungsi hazard distribusi eksponensial, estimator fungsi survivor dan fungsi hazard distribusi eksponensial 2 parameter, estimator fungsi survivor dan fungsi hazard distribusi weibull dan nilai ekstrim, regresi eksponensial pada data uji hidup, regresi weibull pada data uji hidup."
Natural Language Processing,SIC304,3 sks,"Teknologi Sains Data, Teknik Robotika dan Kecerdasan Buatan",5.0,Tidak Ada,"Pada akhir Mata kuliah ini mahasiswa diharapkan dapat: 1) Menjelaskan dan memformalkan bagaimana masalah bahasa dapat diselesaikan secara komputasi. 2) Memahami dan menerapkan teknik pemodelan bahasa, penandaan ucapan, dan penguraian sintaksis. 3) Memahami dan menerapkan teknik untuk semantik komputasi dan pemrosesan wacana. 4) Memahami, mengimplementasikan, dan menggunakan algoritma seperti decoding Viterbi, dan klasifikasi dasar yang diawasi. 5) Memahami bagaimana teknik Natural Language Processing (NLP) dapat digunakan untuk merancang dan mengimplementasikan aplikasi seperti peringkasan teks, analisis sentimen, dan prediksi kualitas penulisan.","Natural Language Processing (NLP) bertujuan untuk membuat program komputer yang melakukan tugasTidak Adatugas bahasa seperti kemampuan yang dimiliki manusia, yaitu memahami makna teks dan percakapan, meringkas seperangkat dokumen untuk fokus pada informasi utama, menjawab pertanyaan berdasarkan teks, dan ketika dwibahasa, menerjemahkan teks dari satu bahasa menjadi teks yang fasih dalam bahasa lain. Mata kuliah ini memberikan dasar yang kuat untuk memahami masalah mendasar dalam NLP dan juga membekali mahasiswa dengan keterampilan praktis untuk membangun sistem NLP skala kecil. Mahasiswa diperkenalkan dengan tiga ide inti NLP: a) mendapatkan pemahaman tentang elemen inti bahasa: struktur dan tata bahasa kata, kalimat dan dokumen lengkap, dan bagaimana masalah NLP terkait dengan mendefinisikan dan mempelajari struktur seperti itu b) mengidentifikasi kompleksitas komputasi yang secara alami ada dalam tugas bahasa dan masalah unik yang mudah dipecahkan manusia, tetapi sulit untuk dilakukan computer c) memperoleh keahlian dalam mengembangkan teknik komputasi cerdas yang dapat mengatasi tantangan ini."
Integrasi Aplikasi Korporasi,SIC305,3 sks,Teknologi Sains Data,5.0,Tidak Ada,"Setelah mengikuti Mata Kuliah ini, mahasiswa mampu memahami konsep dan arsitektur pembangunan perangkat lunak yang dapat terintegrasi lintasTidak Adaplatform dan lintas sistem operasi menggunakan API, SoftwareTidak AdaasTidak AdaaTidak AdaService, dan cloud computing.","Mata kuliah ini akan memberikan pengetahuan lanjutan dan implementasi dari pemrograman berorientasi objek dalam bentuk aplikasi yang terdapat dalam sebuah organisasi. Karena aplikasi dalam organisasi akan mempunyai beragam bentuk dan terpasang di platform yang berbeda, maka fokus dari Mata kuliah ini adalah pengintegrasian aplikasi tersebut, mulai dari standardisasi kebijakan, penyeragaman struktur basis data, hingga penggunaan API yang telah disediakan oleh penyedia luar dalam aplikasi milik sendiri."
Manajemen Jaringan,SIJ303,3 sks,Teknologi Sains Data,5.0,Pengantar Basis Data,Setelah mengikuti mata kuliah ini mahasiswa mampu memahami konsep dan arsitektur jaringan komputer serta bagaimana komputer berkomunikasi dengan entitas komputer lainnya.,"Mata kuliah ini akan memberikan pengetahuan tentang jaringan komputer mulai dari lapisan paling tinggi: Internet, protocol transfer file, hingga dasar pengaturan jaringan komputer."
Bahasa Inggris II,BAE312,2 sks,Teknologi Sains Data,3.0,Tidak Ada,Setelah mengikuti mata kuliah ini mahasiswa diharapkan mampu bekerjasama dan berkomunikasi dalam tim serta bertanggungjawab terhadap pekerjaan. Setelah mengikuti mata kuliah ini mahasiswa mampu menginterpretasi berbagai teks akademik dalam bahasa inggris berdasarkan metode yang telah diajarkan.,"Dalam perkuliahan ini akan membahas: Normal sentence pattern, types of sentences; simple sentence, Compound sentence, Complex sentence, subjectTidak Adaverb agreement, Capilalization; comma, semi colon, colon, Punctuation, Noun clouse ; thatclouses, WHTidak AdaWord Clauses, If/WhetherTidak AdaClauses, Adverbial Clauses; time Clause, Plase Clause, Manner, Distance and Frequency Clauses, result Clauses, purpose Clauses, Contrast Clauses, Relative Clause; relative pronoun as subject, relative pronoun as object, possessive relative clauses, Participle Phrase: Present and past Participle, Patterns of Essay Organizations; Chronological order, logical Division order, caouse and Effect Order, Comparison and Contrast order, Abstract : Word Choice, Transitional signals."
Keahlian Riset dan Pengembangan Akademik,PNJ301,3 sks,Teknologi Sains Data,3.0,Tidak Ada,"Pada akhir Mata kuliah ini mahasiswa diharapkan dapat: 1) Menghasilkan tulisan akademis yang terstruktur dengan baik, relevan dan beralasan jelas. 2) Mengkomunikasikan ide, informasi, dan argumen dengan jelas, baik secara lisan maupun tertulis, dan yang menunjukkan kemampuan untuk mengintegrasikan ideTidak Adaide siswa dengan yang lain. 3) Memberikan presentasi yang efektif yang termasuk menggunakan berbagai alat bantu visual yang sesuai. 4) Memahami teks pada berbagai topik yang mengidentifikasi poin utama dari mendengarkan atau membaca materi, dan menunjukkan kemampuan untuk menilai secara kritis kegunaan informasi. 5) Manfaatkan sepenuhnya perpustakaan akademik dan berbagai media elektronik yang sesuai untuk tujuan penelitian independen 6) Menunjukkan pengetahuan dan penggunaan yang tepat dari daftar akademik dan konvensi referensi. 7) Mengembangkan strategi manajemen waktu, gunakan pembelajaran mandiri, dan tunjukkan kemampuan untuk merefleksikan pembelajaran dan kemajuan seseorang dan untuk bekerja secara kolaboratif dengan orang lain. 8) Mengembangkan kesadaran akan berbagai strategi penelitian dan menerapkannya pada proyek penelitian skala kecil.","Mata kuliah ini dirancang untuk mendukung mahasiswa dalam disiplin ilmu akademik mereka dan untuk memperkuat kepercayaan diri mereka dalam bidang keterampilan utama, seperti penulisan akademik, penelitian dan integritas akademik, serta praktik kolaboratif dan reflektif. Mahasiswa didukung melalui penggunaan materi khusus mata pelajaran yang disesuaikan dengan tingkat pilihan mereka dengan beberapa penyelarasan penilaian antara modul mata pelajaran akademik dan modul keterampilan."
Agama Islam II,AGI401,2 sks,general,6.0,Agama Islam I,"Setelah mengikuti mata kuliah ini mahasiswa diharapkan menginternalisasi nilai, norma, dan etika akademik, dan mewujudkan keunggulan yang berlandaskan moral agama (excellence with morality).","Strategi Pembinaan Ummat, Sains dan Teknologi menurut Islam, Nilai saintifik pada keajaiban ciptaan Allah, Matematika dan Makna “Quick Count” dalam AlTidak AdaQur’an, Riset dalam Perspektif Islam, Problematika Ummat, Tazkiyatun Nafsi (Manajemen Qolbu), Menjadi Ulul Albab (Tadzakkur wa Tafakkur), Ilmuwan Muslim dalam lintasan Sejarah Islam, Problematika Dakwah Kampus dan Solusinya, Kepribadian Muslim dan makna Excellence with Morality, Membangun Persatuan Ummat via Sholat, Islam sebagai tatanan hidup yang holistik."
Agama Katolik II,AGK401,2 sks,general,6.0,Agama Katolik I,"Setelah mengikuti mata kuliah ini mahasiswa diharapkan menginternalisasi nilai, norma, dan etika akademik, dan mewujudkan keunggulan yang berlandaskan moral agama (excellence with morality).","Mampu mengenal agamaTidak Adaagama yang ada di bumi ini dan mengenal masalahTidak Adamasalah yang muncul dalam kehidupan aktual dewasa ini, Mampu menganalisis fenomena perkembangan agama, Mampu berinteraksi dengan lingkungan sekitar, Mempresentasikan hasil pembelajaran berdasarkan kaidahTidak Adakaidah ilmiah agama sesuai norma agama dalam perkuliahan."
Agama Protestan II,AGP401,2 sks,general,6.0,Agama Protestan I,"Setelah mengikuti mata kuliah ini mahasiswa diharapkan menginternalisasi nilai, norma, dan etika akademik, dan mewujudkan keunggulan yang berlandaskan moral agama (excellence with morality).","Agama dan fungsinya dalam kehidupan manusia, Allah dalam kepercayaan Kristen, Manusia menurut Ajaran Kristen, Etika dan Pembentukan Karakter Kristiani, Hubungan Iman Kristiani dengan Ilmu Pengetahuan, Teknologi dan Seni, Menciptakan Kerukunan antarumat Beragama, serta Penjaga Ciptaan Allah"
Agama Hindu II,AGH401,2 sks,general,6.0,Agama Hindu I,"Setelah mengikuti mata kuliah ini mahasiswa diharapkan menginternalisasi nilai, norma, dan etika akademik, dan mewujudkan keunggulan yang berlandaskan moral agama (excellence with morality).","Mengimani Hyang Widhi melalui sraddha dan bhakti serta melalui prinsip dasar di dalam Brahma Vidya, melalui usaha dan sarana memujanya berdasarkan yajna setiap hari dan hariTidak Adahari tertentu. Mahasiswa menghayati Konsep manusia Hindu, Hukum, Etika, Tri Kerukunan Hidup Beragama, Iptek dan seni dalam perspektif Hindu, Konsep Masyarakat Hindu berdasarkan sastraTidak Adasastra agama Hindu, Politik dalam Perspektif Hindu."
Agama Buddha II,AGB401,2 sks,general,6.0,Agama Buddha I,"Setelah mengikuti mata kuliah ini mahasiswa diharapkan menginternalisasi nilai, norma, dan etika akademik, dan mewujudkan keunggulan yang berlandaskan moral agama (excellence with morality).","Konsep dasar agama Buddha, meliputi substansi kajian Ketuhanan, manusia, hukum, budaya, dan politik dalam rangka mengantarkan mahasiswa mengembangkan kepribadiannya sebagai umat Buddha."
Agama Konghucu II,AGC401,2 sks,general,6.0,Agama Konghucu I,"Setelah mengikuti mata kuliah ini mahasiswa diharapkan menginternalisasi nilai, norma, dan etika akademik, dan mewujudkan keunggulan yang berlandaskan moral agama (excellence with morality).","Materi ini mencakup urgensi agama dalam kehidupan sehariTidak Adahari dengan sikap yang benar, pemahaman terhadap sumber hukum Konghucu, sejarah Konghucu, jalan suci yang dibawakan Ajaran Besar, meneliti hakekat tiap perkara, peran Konghucu dalam pengembangan sains dan teknologi"
Praktek Kerja Lapangan,KLJ301,2 sks,general,6.0,Minimal sudah menempuh 80 sks,"Setelah mengikuti mata kuliah ini, mahasiswa diharapkan mampu bekerja sama dan memiliki kepekaan sosial serta kepedulian terhadap masyarakat dan lingkungan; dan bekerjasama dan berkomunikasi dalam tim serta bertanggung jawab terhadap pekerjaan.",Topik mata kuliah yang telah ditempuh.
Metode Penelitian,PNJ302,2 sks,general,6.0,Tidak Ada,Setelah mengikuti mata kuliah ini mahasiswa diharapkan: 1) mampu merumuskan masalah dan menggunakan komputer sebagai alat pengolah data. 2) mampu mengambil keputusan yang tepat berdasarkan analisis data. 3) mempunyai etika profesi. 4) mampu melakukan penelitian dengan metode ilmiah.,"Pengantar Metode Penelitian Ilmiah, mengidentifikasi minat bidang penelitian yang luas, penyusunan laporan, presentasi laporan, pengambilan keputusan, implementasi pembuatan proposal penelitian"
Sains Data Consulting,MAS331,3 sks,Teknologi Sains Data,6.0,Data Mining I dan Data Mining II,Setelah mengikuti mata kuliah ini mahasiswa diharapkan mampu menentukan cara/ prosedur menjadi konsultan sains data yang baik dan kompeten.,"Introduction to Statistical Consulting, The Ideal Statistical Consultant, Non Verval Communication, Meeting, Asking Good to Question, Negotiating, Communication about Statistics, Dealing with Difficult Situation, Persentasi beberapa makalah, praktik simulasi konsultan dan klien."
Pemrograman Lanjut,SIA303,3 sks,Teknologi Sains Data,6.0,Algoritma Pemrograman II,"Pada akhir Mata kuliah ini, mahasiswa diharapkan dapat: 1) Menunjukkan pemahaman tentang konstruksi dan teknik pemrograman yang diperkenalkan pada mata kuliah ini. 2) Menggunakan konstruksi dan teknik ini dalam desain dan implementasi program. 3) Secara kritis merenungkan desain program.","Mata kuliah ini memperkenalkan mahasiswa untuk konstruksi dan teknik pemrograman yang lebih maju dan membangun pengetahuan mereka sejak dua tahun pertama. Ini akan mencakup tinjauan Java, Threads dan sinkronisasi, soket I / O File, klien / server, JSON dan layanan web."
Pemodelan Runtun Waktu,MAS332,3 sks,Teknologi Sains Data,6.0,Tidak Ada,"Setelah mengikuti mata kuliah ini mahasiswa diharapkan mampu menguasai beberapa metodologi (metode dan pemodelan) sains data untuk digunakan dalam meyelesaikan masalah di beberapa bidang antara bidang kesehatan dan bidang industri, baik dengan atau tanpa software","Pengantar konsep Analisis Runtun Waktu, modelmodel stasioner, model nonTidak Adastasioner, estimasi parameter, uji diagnostik model, peramalan, model musiman, model campuran."
Pemrograman Linier,MAA311,3 sks,Teknologi Sains Data,6.0,Riset Operasi; Metode Matematika,Setelah mengikuti mata kuliah ini mahasiswa diharapkan dapat melakukan analisis sensitivitas pasca optimalitas pada persoalan yang dapat dibawa ke bentuk Program Linear serta menggunakan algoritma pemrograman linier untuk mendapatkan solusi optimal.,"Pengantar Program Linear, Metode Grafik, Metode Simpleks, Metode simpleks yang direvisi, teori dualitas, analisis sensitivitas, pemrograman linier parametrik dan algoritma pemrograman linier lain"
Basis Data Lanjut,SID308,3 sks (2 sks kuliah dan 1 sks praktikum),Teknologi Sains Data,6.0,Basis Data,Pada akhir mata kuliah ini mahasiswa diharapkan dapat: 1) Memahami permasalahan dan batasan basis data yang digunakan di era digital 2) Menggunakan database non relasional untuk menyelesaikan permasalahan 3) Memahami konsep MapReduce dalam penyimpanan Big Data,"Mata kuliah ini memperdalam prinsipTidak Adaprinsip penyimpanan data yang terTidak Adagenerate secara cepat dan dalam volume yang besar serta berbagai bentuk, pengenalan konsep MapReduce yang ditetapkan pada mata kuliah pengantar sebelumnya."
Machine Learning,SIC306,3 sks,"Teknologi Sains Data, Teknik Robotika dan Kecerdasan Buatan",6.0,Pengantar Kecerdasan Buatan dan Metode Statistika,Pada akhir Mata kuliah ini mahasiswa diharapkan dapat menerapkan algoritma machine learning secara tepat sesuai dengan kasus yang dihadapi.,"Mata kuliah ini memberikan gambaran tentang banyak konsep, teknik, dan algoritma dalam pembelajaran mesin, dimulai dengan topik seperti klasifikasi dan regresi linier dan berakhir dengan topik yang lebih baru seperti meningkatkan, mesin vektor dukungan, model Markov tersembunyi, dan jaringan Bayesian. Mata kuliah ini akan memberikan mahasiswa ideTidak Adaide dasar dan intuisi di balik metode pembelajaran mesin modern serta pemahaman yang lebih formal tentang bagaimana, mengapa, dan kapan mereka bekerja. Tema yang mendasari dalam mata kuliah adalah inferensi statistik karena memberikan dasar bagi sebagian besar metode yang dibahas."
Ekonometrika,EKK301,3 sks,Teknologi Sains Data,6.0,Metode Statistika,Mahasiswa mampu menerapkan Metode Statistika dalam bidang finansial dan bisnis.,"Mempelajari metodologi ekonometrika yang meliputi spesifikasi model, estimasi, evaluasi hasil estimasi dan peramalan. Metode ekonometrika yang dipelajari antara lain persamaan tunggal, SUR, dan persamaan simultan, baik yang statis maupun dinamis."
Analisis Keputusan Bisnis,MAS333,3 sks,Teknologi Sains Data,6.0,Pengantar Statistika,Mahasiswa diharapkan mampu mengambil keputusan berdasarkan data dan menerapkan Metode Statistika dalam bidang bisnis,"Menerapkan probabilitas dan ekspektasi dalam melakukan pengambilan keputusan, yaitu meliputi siklus analisis keputusan, diagram dan model analisis keputusan, serta Analytic Hierarchy Process (AHP)."
Official Statictics,MAS334,3 sks,Teknologi Sains Data,6.0,Metode Statistika,Mahasiswa mampu menganalisis data official dan menerapkan Metode Statistika yang sesuai dalam mengambil keputusan di bidang sosial.,"Menggunakan dan menganalisis data hasil publikasi atau official data dari hasil survei pemerintah (BPS); Mempelajari cara menghitung data publikasi misalnya ukuran demografi, Indeks Harga Konsumen (IHK), Inflasi, Angka Kemiskinan, Indeks Pembangunan Manusia, Angka Ketenagakerjaan."
Analisis Data Kategorik,MAS335,3 sks,Teknologi Sains Data,6.0,Probabilitas,Mahasiswa mampu menganalisis data yang bersifat kategorik baik dari data kualitatif maupun data kuantitatif yang dikategorikan.,"Analisis Data Kategorik merupakan salah satu mata kuliah pemodelan statistika yang meliputi tabel kontingensi, pengukuran asosiasi, model log linier, regresi logistik biner, regresi logistik multinomial, regresi logistik ordinal serta aplikasinya."
Magang,KKJ301,18 sks,general,6.0,Minimal sudah mengambil minimal 90 sks,"Setelah mengikuti mata kuliah, mahasiswa mampu menerapakan konsep dan praktik sains data untuk menyelesaikan masalah sesuai dengan bidang pekerjaan","Topik permasalahan, analisis, penyajian data"
KKNTidak AdaBBM,KNJ401,3 sks,general,7.0,Sudah menempuh minimal 80 sks,Setelah mengikuti mata kuliah ini mahasiswa diharapkan mampu bekerja sama dan memiliki kepekaan sosial serta kepedulian terhadap masyarakat dan lingkungan; dan mampu bekerjasama dan berkomunikasi dalam tim serta bertanggung jawab terhadap pekerjaan.,"Sosiologi desa, organisasi, manajemen kerja kelompok."
Proposal Skripsi,PNJ495,2 sks,general,7.0,Sudah menempuh minimal 108 sks,Setelah mengikuti mata kuliah ini mahasiswa diharapkan mampu menyusun rancangan penelitian skripsi.,"Pendahuluan, Tinjauan Pustaka, Metode penelitian."
Kewirausahaan,MNW401,2 sks,"Teknologi Sains Data, Teknik Robotika dan Kecerdasan Buatan",7.0,Tidak Ada,"Setelah mengikuti mata kuliah ini, mahasiswa diharapkan memiliki sikap kemandirian, keuletan, dan kewirausahaan serta menguasai konsep teoritis kewirausahaan dan komunikasi.","Mata kuliah yang dihas antara lain: Menjadi Wirausaha, Berpikir Perubahan dan Kreatif, Berorientasi pada Tindakan, Pengambilan Resiko dan Kepemimpinan, Etika Bisnis, Faktor “X”, Mencari Gagasan Usaha, Pemasaran, Manajemen Keuangan dan Pembiayaan Usaha, Memulai Sebuah Usaha Baru, Perencanaan Bisnis dan Contoh Rencana Bisnis, Konsep Dasar Teknologi Keuangan."
Kapita Selekta Sains Data,KSJ401,2 sks,Teknologi Sains Data,7.0,Tidak Ada,Setelah mengikuti mata kuliah ini mahasiswa diharapkan mampu merancang pra propsal dengan topik kekinian.,"Review jurnal/ artikel ilmiah, peta konsep, tinjauan pustaka, metode penelitian."
Pemodelan Data Eksperimen,MAS422,3 sks,Teknologi Sains Data,7.0,Metode Statistika,Setelah mengikuti mata kuliah ini mahasiswa diharapkan mampu merancang tahapan analisis data dengan benar.,"Beberapa prinsip percobaan ilmiah: perlakuan, randomisasi, replikasi dan kelompok; Klasifikasi rancangan percobaan: Rancangan Acak Lengkap (RAL), Rancangan Acak Kelompok (RAK), Rancangan Bujur Sangkar Latin (RBSL), Rancangan Graeco Latin (RGL), Rancangan Faktorial (RF), Rancangan Tersarang (Nested)."
Pemrograman Non Linear,MAA423,3 sks,Teknologi Sains Data,7.0,Pemrograman Linear,"Pada akhir Mata Kuliah, mahasiswa diharapkan dapat: 1) menerapkan algoritma atau metode numerik yang sesuai untuk memecahkan masalah tertentu; 2) membahas keuntungan dan keterbatasan relatif dari berbagai algoritma dan metode numerik; 3) menggunakan implementasi yang diberikan dari algoritma ini dan mengamati dan menganalisis hasilnya; 4) memahami derivasi dan penggunaan kondisi yang diperlukan KarushTidak AdaKuhnTidak AdaTucker untuk optimalitas.","Mata kuliah ini memberikan pengantar teori dan aplikasi pemrograman nonTidak Adalinear. Ini mengajarkan prinsipTidak Adaprinsip pemodelan yang baik, dari perumusan masalah praktis hingga solusi komputer, dan bagaimana merancang berbagai algoritma dan metode numerik. Ini memperkenalkan mahasiswa dengan masalah umum mengenai algoritma komputasi, dan mempertimbangkan bidang aplikasi seperti keuangan matematika. Ini akan termasuk satu pada NewtonTidak AdaRaphson dan pencarian bagian emas, dan satu pada pencarian Gradient, metode Newton dan metode QuasiTidak AdaNewton."
Skripsi,PNJ499,4 sks,general,8.0,Sudah atau pernah mengambil Proposal Skripsi serta sudah mengambil minimal 120 sks,Setelah mengikuti mata kuliah ini mahasiswa diharapkan mampu menyusun naskah ilmiah dari proyek penelitian yang dipilih.,"Pendahuluan, Tinjauan Pustaka, Metode penelitian, hasil dan pembahasan, kesimpulan, dan daftar pustaka."
Praktikum Biologi Dasar 1,Tidak Ada,1 sks,Rekayasa Nanoteknologi,Tidak Ada,Tidak Ada,Tidak Ada,Tidak Ada
Praktikum Kimia Dasar 1,Tidak Ada,1 sks,Rekayasa Nanoteknologi,Tidak Ada,Tidak Ada,Tidak Ada,Tidak Ada
Praktikum Fisika Dasar 1,Tidak Ada,1 sks,Rekayasa Nanoteknologi,Tidak Ada,Tidak Ada,Tidak Ada,Tidak Ada
Kalkulus 1,Tidak Ada,2 sks,Rekayasa Nanoteknologi,Tidak Ada,Tidak Ada,Tidak Ada,Tidak Ada
Pengantar Nanoteknologi 1,Tidak Ada,2 sks,Rekayasa Nanoteknologi,Tidak Ada,Tidak Ada,Tidak Ada,Tidak Ada
Dasar Pengolahan Data,Tidak Ada,2 sks,Rekayasa Nanoteknologi,Tidak Ada,Tidak Ada,Tidak Ada,Tidak Ada
Praktikum Fisika Dasar 2,Tidak Ada,1 sks,Rekayasa Nanoteknologi,Tidak Ada,Tidak Ada,Tidak Ada,Tidak Ada
Kimia Dasar 2,Tidak Ada,2 sks,Rekayasa Nanoteknologi,Tidak Ada,Tidak Ada,Tidak Ada,Tidak Ada
Fisika Dasar 2,Tidak Ada,2 sks,Rekayasa Nanoteknologi,Tidak Ada,Tidak Ada,Tidak Ada,Tidak Ada
Praktikum Nanoteknologi 1,Tidak Ada,2 sks,Rekayasa Nanoteknologi,Tidak Ada,Tidak Ada,Tidak Ada,Tidak Ada
Praktikum Kimia Dasar 2,Tidak Ada,1 sks,Rekayasa Nanoteknologi,Tidak Ada,Tidak Ada,Tidak Ada,Tidak Ada
Bahasa Inggris,Tidak Ada,2 sks,Rekayasa Nanoteknologi,Tidak Ada,Tidak Ada,Tidak Ada,Tidak Ada
Pengantar Nanoteknologi 2,Tidak Ada,2 sks,Rekayasa Nanoteknologi,Tidak Ada,Tidak Ada,Tidak Ada,Tidak Ada
Kalkulus 2,Tidak Ada,3 sks,Rekayasa Nanoteknologi,Tidak Ada,Tidak Ada,Tidak Ada,Tidak Ada
Teknologi Hijau,Tidak Ada,2 sks,Rekayasa Nanoteknologi,Tidak Ada,Tidak Ada,Tidak Ada,Tidak Ada
Biologi Sel dan Molekuler,Tidak Ada,3 sks,Rekayasa Nanoteknologi,Tidak Ada,Tidak Ada,Tidak Ada,Tidak Ada
Pengantar Komputasi,Tidak Ada,2 sks,Rekayasa Nanoteknologi,Tidak Ada,Tidak Ada,Tidak Ada,Tidak Ada
Fisika Nanoteknologi,Tidak Ada,3 sks,Rekayasa Nanoteknologi,Tidak Ada,Tidak Ada,Tidak Ada,Tidak Ada
Nanokomposit dan Polimer,Tidak Ada,2 sks,Rekayasa Nanoteknologi,Tidak Ada,Tidak Ada,Tidak Ada,Tidak Ada
Bisnis dan Komersialisasi Nanoteknologi,Tidak Ada,2 sks,Rekayasa Nanoteknologi,Tidak Ada,Tidak Ada,Tidak Ada,Tidak Ada
Praktikum Nanoteknologi 2,Tidak Ada,2 sks,Rekayasa Nanoteknologi,Tidak Ada,Tidak Ada,Tidak Ada,Tidak Ada
Spektroskopi nanoteknologi,Tidak Ada,3 sks,Rekayasa Nanoteknologi,Tidak Ada,Tidak Ada,Tidak Ada,Tidak Ada
Kinetika dan Termodinamika,Tidak Ada,3 sks,Rekayasa Nanoteknologi,Tidak Ada,Tidak Ada,Tidak Ada,Tidak Ada
Nanobioteknologi Mikroba,Tidak Ada,2 sks,Rekayasa Nanoteknologi,Tidak Ada,Tidak Ada,Tidak Ada,Tidak Ada
Nanoteknologi Karbon,Tidak Ada,3 sks,Rekayasa Nanoteknologi,Tidak Ada,Tidak Ada,Tidak Ada,Tidak Ada
Teknik Karaktrisasi Material 1,Tidak Ada,2 sks,Rekayasa Nanoteknologi,Tidak Ada,Tidak Ada,Tidak Ada,Tidak Ada
Nanosains Kuantum,Tidak Ada,2 sks,Rekayasa Nanoteknologi,Tidak Ada,Tidak Ada,Tidak Ada,Tidak Ada
Kumputasi Nanoteknologi 1,Tidak Ada,3 sks,Rekayasa Nanoteknologi,Tidak Ada,Tidak Ada,Tidak Ada,Tidak Ada
Nanoteknologi Pertanian dan Pemrosesan Makanan,Tidak Ada,2 sks,Rekayasa Nanoteknologi,Tidak Ada,Tidak Ada,Tidak Ada,Tidak Ada
Permukaan dan Antar Muka,Tidak Ada,2 sks,Rekayasa Nanoteknologi,Tidak Ada,Tidak Ada,Tidak Ada,Tidak Ada
Teknik dan Fabrikasi Nanolitografi,Tidak Ada,3 sks,Rekayasa Nanoteknologi,Tidak Ada,Tidak Ada,Tidak Ada,Tidak Ada
Praktikum Nanoteknologi 3,Tidak Ada,2 sks,Rekayasa Nanoteknologi,Tidak Ada,Tidak Ada,Tidak Ada,Tidak Ada
Teori Zat padat,Tidak Ada,3 sks,Rekayasa Nanoteknologi,Tidak Ada,Tidak Ada,Tidak Ada,Tidak Ada
Komputasi Nanoteknologi,Tidak Ada,3 sks,Rekayasa Nanoteknologi,Tidak Ada,Tidak Ada,Tidak Ada,Tidak Ada
Aplikasi Nanoteknologi dalam Industri,Tidak Ada,2 sks,Rekayasa Nanoteknologi,Tidak Ada,Tidak Ada,Tidak Ada,Tidak Ada
Nanobiomedis,Tidak Ada,3 sks,Rekayasa Nanoteknologi,Tidak Ada,Tidak Ada,Tidak Ada,Tidak Ada
Rekayasa Material,Tidak Ada,3 sks,Rekayasa Nanoteknologi,Tidak Ada,Tidak Ada,Tidak Ada,Tidak Ada
Teknik Karakterisasi Material 2,Tidak Ada,2 sks,Rekayasa Nanoteknologi,Tidak Ada,Tidak Ada,Tidak Ada,Tidak Ada
"Nanoelektronik, Fotonik, dan Sensor",Tidak Ada,3 sks,Rekayasa Nanoteknologi,Tidak Ada,Tidak Ada,Tidak Ada,Tidak Ada
Nanoteknologi Konversi dan Penyimpanan Energi,Tidak Ada,3 sks,Rekayasa Nanoteknologi,Tidak Ada,Tidak Ada,Tidak Ada,Tidak Ada
Nanorobot,Tidak Ada,2 sks,Rekayasa Nanoteknologi,Tidak Ada,Tidak Ada,Tidak Ada,Tidak Ada
Nanogeosains,Tidak Ada,2 sks,Rekayasa Nanoteknologi,Tidak Ada,Tidak Ada,Tidak Ada,Tidak Ada
Praktikum Nanoteknologi 4,Tidak Ada,2 sks,Rekayasa Nanoteknologi,Tidak Ada,Tidak Ada,Tidak Ada,Tidak Ada
Nanoteknologi Lingkungan,Tidak Ada,2 sks,Rekayasa Nanoteknologi,Tidak Ada,Tidak Ada,Tidak Ada,Tidak Ada
Manajemen Lab dan K3,Tidak Ada,2 sks,Rekayasa Nanoteknologi,Tidak Ada,Tidak Ada,Tidak Ada,Tidak Ada
Magang Industri,Tidak Ada,4 sks,Rekayasa Nanoteknologi,Tidak Ada,Tidak Ada,Tidak Ada,Tidak Ada
Nanoteknologi Kosmetik,Tidak Ada,2 sks,Rekayasa Nanoteknologi,Tidak Ada,Tidak Ada,Tidak Ada,Tidak Ada
Nanoteknologi Tekstil,Tidak Ada,2 sks,Rekayasa Nanoteknologi,Tidak Ada,Tidak Ada,Tidak Ada,Tidak Ada
Material dan Metalurgi,Tidak Ada,2 sks,Rekayasa Nanoteknologi,Tidak Ada,Tidak Ada,Tidak Ada,Tidak Ada
Nanoelektrokimia,Tidak Ada,2 sks,Rekayasa Nanoteknologi,Tidak Ada,Tidak Ada,Tidak Ada,Tidak Ada
Nano dan Mikro Emulsi,Tidak Ada,3 sks,Rekayasa Nanoteknologi,Tidak Ada,Tidak Ada,Tidak Ada,Tidak Ada
Kenanomagnetan,Tidak Ada,3 sks,Rekayasa Nanoteknologi,Tidak Ada,Tidak Ada,Tidak Ada,Tidak Ada
Kalkulus dan Aplikasinya,Tidak Ada,3 sks,Teknik Robotika dan Kecerdasan Buatan,Tidak Ada,Tidak Ada,Tidak Ada,Tidak Ada
Dasar Pemrograman,Tidak Ada,3 sks,Teknik Robotika dan Kecerdasan Buatan,Tidak Ada,Tidak Ada,Tidak Ada,Tidak Ada
Pengukuran Dasar (Praktikum),Tidak Ada,1 sks,Teknik Robotika dan Kecerdasan Buatan,Tidak Ada,Tidak Ada,Tidak Ada,Tidak Ada
Aljabar Linier,Tidak Ada,3 sks,Teknik Robotika dan Kecerdasan Buatan,Tidak Ada,Tidak Ada,Tidak Ada,Tidak Ada
Computer Aided Design,Tidak Ada,3 sks,Teknik Robotika dan Kecerdasan Buatan,Tidak Ada,Tidak Ada,Tidak Ada,Tidak Ada
Struktur Data,Tidak Ada,3 sks,Teknik Robotika dan Kecerdasan Buatan,Tidak Ada,Tidak Ada,Tidak Ada,Tidak Ada
Rangkaian Listrik,Tidak Ada,3 sks,Teknik Robotika dan Kecerdasan Buatan,Tidak Ada,Tidak Ada,Tidak Ada,Tidak Ada
Pemrograman Berorientas Objek,Tidak Ada,2 sks,Teknik Robotika dan Kecerdasan Buatan,Tidak Ada,Tidak Ada,Tidak Ada,Tidak Ada
Pemrograman Berorientas Objek (Praktikum),Tidak Ada,1 sks,Teknik Robotika dan Kecerdasan Buatan,Tidak Ada,Tidak Ada,Tidak Ada,Tidak Ada
Sistem Linier,Tidak Ada,3 sks,Teknik Robotika dan Kecerdasan Buatan,Tidak Ada,Tidak Ada,Tidak Ada,Tidak Ada
"Probabilitas, Statistika, dan Proses Stokastik",Tidak Ada,3 sks,Teknik Robotika dan Kecerdasan Buatan,Tidak Ada,Tidak Ada,Tidak Ada,Tidak Ada
Kecerdasan Buatan,Tidak Ada,3 sks,Teknik Robotika dan Kecerdasan Buatan,Tidak Ada,Tidak Ada,Tidak Ada,Tidak Ada
Elektronika,Tidak Ada,3 sks,Teknik Robotika dan Kecerdasan Buatan,Tidak Ada,Tidak Ada,Tidak Ada,Tidak Ada
Elektronika (Praktikum),Tidak Ada,1 sks,Teknik Robotika dan Kecerdasan Buatan,Tidak Ada,Tidak Ada,Tidak Ada,Tidak Ada
Sensor dan Akuator,Tidak Ada,3 sks,Teknik Robotika dan Kecerdasan Buatan,Tidak Ada,Tidak Ada,Tidak Ada,Tidak Ada
Sistem Kontrol,Tidak Ada,3 sks,Teknik Robotika dan Kecerdasan Buatan,Tidak Ada,Tidak Ada,Tidak Ada,Tidak Ada
Sistem Tertanam dan IoT,Tidak Ada,3 sks,Teknik Robotika dan Kecerdasan Buatan,Tidak Ada,Tidak Ada,Tidak Ada,Tidak Ada
Eksperimen Robotika I,Tidak Ada,1 sks,Teknik Robotika dan Kecerdasan Buatan,Tidak Ada,Tidak Ada,Tidak Ada,Tidak Ada
Machine Learning (Praktikum),Tidak Ada,2 sks,Teknik Robotika dan Kecerdasan Buatan,Tidak Ada,Tidak Ada,Tidak Ada,Tidak Ada
Mobile Robot,Tidak Ada,3 sks,Teknik Robotika dan Kecerdasan Buatan,Tidak Ada,Tidak Ada,Tidak Ada,Tidak Ada
Robot Manipulator,Tidak Ada,3 sks,Teknik Robotika dan Kecerdasan Buatan,Tidak Ada,Tidak Ada,Tidak Ada,Tidak Ada
Computer Vision,Tidak Ada,3 sks,Teknik Robotika dan Kecerdasan Buatan,Tidak Ada,Tidak Ada,Tidak Ada,Tidak Ada
Otomasi Industri,Tidak Ada,3 sks,Teknik Robotika dan Kecerdasan Buatan,Tidak Ada,Tidak Ada,Tidak Ada,Tidak Ada
Eksperimen Robotika II,Tidak Ada,2 sks,Teknik Robotika dan Kecerdasan Buatan,Tidak Ada,Tidak Ada,Tidak Ada,Tidak Ada
Topik Khusus Robotika dan Kecerdasan Buatan,Tidak Ada,3 sks,Teknik Robotika dan Kecerdasan Buatan,Tidak Ada,Tidak Ada,Tidak Ada,Tidak Ada
Autonomous Vehicle ,Tidak Ada,3 sks,Teknik Robotika dan Kecerdasan Buatan,Tidak Ada,Tidak Ada,Tidak Ada,Tidak Ada
Real-Time Computing,Tidak Ada,3 sks,Teknik Robotika dan Kecerdasan Buatan,Tidak Ada,Tidak Ada,Tidak Ada,Tidak Ada
Information Retrieval,Tidak Ada,3 sks,Teknik Robotika dan Kecerdasan Buatan,Tidak Ada,Tidak Ada,Tidak Ada,Tidak Ada
Deep Learning,Tidak Ada,3 sks,Teknik Robotika dan Kecerdasan Buatan,Tidak Ada,Tidak Ada,Tidak Ada,Tidak Ada
Robot Humanoid,Tidak Ada,3 sks,Teknik Robotika dan Kecerdasan Buatan,Tidak Ada,Tidak Ada,Tidak Ada,Tidak Ada
Robot Terbang,Tidak Ada,2 sks,Teknik Robotika dan Kecerdasan Buatan,Tidak Ada,Tidak Ada,Tidak Ada,Tidak Ada
Proses Mining Cerdas dan Otomasi Proses Robot,Tidak Ada,3 sks,Teknik Robotika dan Kecerdasan Buatan,Tidak Ada,Tidak Ada,Tidak Ada,Tidak Ada
Sistem Kontrol Robotika Lanjut,Tidak Ada,3 sks,Teknik Robotika dan Kecerdasan Buatan,Tidak Ada,Tidak Ada,Tidak Ada,Tidak Ada
Pengolahan Sinyal Lanjut,Tidak Ada,3 sks,Teknik Robotika dan Kecerdasan Buatan,Tidak Ada,Tidak Ada,Tidak Ada,Tidak Ada
Cloud Computing,Tidak Ada,3 sks,Teknik Robotika dan Kecerdasan Buatan,Tidak Ada,Tidak Ada,Tidak Ada,Tidak Ada
Sistem Multi Agen,Tidak Ada,3 sks,Teknik Robotika dan Kecerdasan Buatan,Tidak Ada,Tidak Ada,Tidak Ada,Tidak Ada
Matematika,Tidak Ada,3 sks,Teknik Industri,1.0,Tidak Ada,Tidak Ada,Tidak Ada
Fisika Dasar 1,Tidak Ada,2 sks,Teknik Industri,1.0,Tidak Ada,Tidak Ada,Tidak Ada
Fisika dasar 2,Tidak Ada,2 sks,Teknik Industri,2.0,Tidak Ada,Tidak Ada,Tidak Ada
Matematika Lanjut,Tidak Ada,3 sks,Teknik Industri,2.0,Tidak Ada,Tidak Ada,Tidak Ada
gambar Teknik,Tidak Ada,3 sks,Teknik Industri,2.0,Tidak Ada,Tidak Ada,Tidak Ada
Pemrograman Komputer,Tidak Ada,3 sks,Teknik Industri,3.0,Tidak Ada,Tidak Ada,Tidak Ada
Mekanika Teknik,Tidak Ada,2 sks,Teknik Industri,3.0,Tidak Ada,Tidak Ada,Tidak Ada
Matematika Optimasi,Tidak Ada,2 sks,Teknik Industri,3.0,Tidak Ada,Tidak Ada,Tidak Ada
Statistika Dasar,Tidak Ada,2 sks,Teknik Industri,3.0,Tidak Ada,Tidak Ada,Tidak Ada
Proses Manufaktur,Tidak Ada,3 sks,Teknik Industri,3.0,Tidak Ada,Tidak Ada,Tidak Ada
Ergonomi,Tidak Ada,3 sks,Teknik Industri,3.0,Tidak Ada,Tidak Ada,Tidak Ada
Matriks dan Ruang Vektor,Tidak Ada,2 sks,Teknik Industri,3.0,Tidak Ada,Tidak Ada,Tidak Ada
Pengantar Ekonomika,Tidak Ada,2 sks,Teknik Industri,3.0,Tidak Ada,Tidak Ada,Tidak Ada
Penelitian Operasi Dasar,Tidak Ada,3 sks,Teknik Industri,4.0,Tidak Ada,Tidak Ada,Tidak Ada
Otomasi Industri,Tidak Ada,2 sks,Teknik Industri,4.0,Tidak Ada,Tidak Ada,Tidak Ada
Bahasa Inggris,Tidak Ada,2 sks,Teknik Industri,4.0,Tidak Ada,Tidak Ada,Tidak Ada
Analisis Biaya,Tidak Ada,2 sks,Teknik Industri,4.0,Tidak Ada,Tidak Ada,Tidak Ada
Pengukuran Kerja,Tidak Ada,3 sks,Teknik Industri,4.0,Tidak Ada,Tidak Ada,Tidak Ada
Statistika Industri,Tidak Ada,3 sks,Teknik Industri,4.0,Tidak Ada,Tidak Ada,Tidak Ada
Sistem Manufaktur,Tidak Ada,3 sks,Teknik Industri,4.0,Tidak Ada,Tidak Ada,Tidak Ada
Perancangan dan Pengembangan Produk,Tidak Ada,3 sks,Teknik Industri,5.0,Tidak Ada,Tidak Ada,Tidak Ada
Penelitian Operasi Lanjut,Tidak Ada,3 sks,Teknik Industri,5.0,Tidak Ada,Tidak Ada,Tidak Ada
Penjaminan dan Pengendalian Mutu,Tidak Ada,3 sks,Teknik Industri,5.0,Tidak Ada,Tidak Ada,Tidak Ada
Ekonomi Teknik,Tidak Ada,2 sks,Teknik Industri,5.0,Tidak Ada,Tidak Ada,Tidak Ada
Pemodelan Sistem,Tidak Ada,3 sks,Teknik Industri,5.0,Tidak Ada,Tidak Ada,Tidak Ada
Perencanaan dan Pengendalian Produksi,Tidak Ada,3 sks,Teknik Industri,5.0,Tidak Ada,Tidak Ada,Tidak Ada
Simulasi Komputer,Tidak Ada,3 sks,Teknik Industri,6.0,Tidak Ada,Tidak Ada,Tidak Ada
Manajemen Rantai Pasok,Tidak Ada,3 sks,Teknik Industri,6.0,Tidak Ada,Tidak Ada,Tidak Ada
Organisasi dan Psikologi Industri,Tidak Ada,3 sks,Teknik Industri,6.0,Tidak Ada,Tidak Ada,Tidak Ada
Perancangan Tata Letak Fasilitas,Tidak Ada,3 sks,Teknik Industri,6.0,Tidak Ada,Tidak Ada,Tidak Ada
Pengantar Layanan Kesehatan,Tidak Ada,2 sks,Teknik Industri,6.0,Tidak Ada,Tidak Ada,Tidak Ada
Metodologi Penyelesaian Masalah,Tidak Ada,2 sks,Teknik Industri,6.0,Tidak Ada,Tidak Ada,Tidak Ada
Analisa dan Perancangan Sistem Informasi,Tidak Ada,3 sks,Teknik Industri,7.0,Tidak Ada,Tidak Ada,Tidak Ada
Perancangan Teknik Industri,Tidak Ada,1 sks,Teknik Industri,7.0,Tidak Ada,Tidak Ada,Tidak Ada
Teknologi Hijau,Tidak Ada,4 sks,Teknik Industri,7.0,Tidak Ada,Tidak Ada,Tidak Ada
Kesehatan dan Keselamatan Kerja,Tidak Ada,2 sks,Teknik Industri,7.0,Tidak Ada,Tidak Ada,Tidak Ada
Ergonomi Makro,Tidak Ada,3 sks,Teknik Industri,Tidak Ada,Tidak Ada,Tidak Ada,Tidak Ada
Ergonomi Kognitif,Tidak Ada,3 sks,Teknik Industri,Tidak Ada,Tidak Ada,Tidak Ada,Tidak Ada
Lingkungan Kerja Ergonomi,Tidak Ada,3 sks,Teknik Industri,Tidak Ada,Tidak Ada,Tidak Ada,Tidak Ada
Biodinamika Gerak Manusia,Tidak Ada,3 sks,Teknik Industri,Tidak Ada,Tidak Ada,Tidak Ada,Tidak Ada
Faktor Manusia dalam Layanan Kesehatan,Tidak Ada,3 sks,Teknik Industri,Tidak Ada,Tidak Ada,Tidak Ada,Tidak Ada
Perancangan Teknik Keandalan ,Tidak Ada,3 sks,Teknik Industri,Tidak Ada,Tidak Ada,Tidak Ada,Tidak Ada
Sustainable Manufacturing,Tidak Ada,3 sks,Teknik Industri,Tidak Ada,Tidak Ada,Tidak Ada,Tidak Ada
Pengujian dan Karakterisasi Material,Tidak Ada,3 sks,Teknik Industri,Tidak Ada,Tidak Ada,Tidak Ada,Tidak Ada
Additive Manufacturing,Tidak Ada,3 sks,Teknik Industri,Tidak Ada,Tidak Ada,Tidak Ada,Tidak Ada
Robotik Industri,Tidak Ada,3 sks,Teknik Industri,Tidak Ada,Tidak Ada,Tidak Ada,Tidak Ada
Sistem Kendali Manufaktur Otomatik,Tidak Ada,3 sks,Teknik Industri,Tidak Ada,Tidak Ada,Tidak Ada,Tidak Ada
Manajemen Resiko,Tidak Ada,3 sks,Teknik Industri,Tidak Ada,Tidak Ada,Tidak Ada,Tidak Ada
Manajemen Jasa,Tidak Ada,3 sks,Teknik Industri,Tidak Ada,Tidak Ada,Tidak Ada,Tidak Ada
Data Mining,Tidak Ada,3 sks,Teknik Industri,Tidak Ada,Tidak Ada,Tidak Ada,Tidak Ada
Big Data Analysis,Tidak Ada,3 sks,Teknik Industri,Tidak Ada,Tidak Ada,Tidak Ada,Tidak Ada
Metaheuristic,Tidak Ada,3 sks,Teknik Industri,Tidak Ada,Tidak Ada,Tidak Ada,Tidak Ada
Manajemen Logistik,Tidak Ada,3 sks,Teknik Industri,Tidak Ada,Tidak Ada,Tidak Ada,Tidak Ada
Manajemen Proyek,Tidak Ada,3 sks,Teknik Industri,Tidak Ada,Tidak Ada,Tidak Ada,Tidak Ada
Magang Industri,Tidak Ada,3 sks,Teknik Industri,Tidak Ada,Tidak Ada,Tidak Ada,Tidak Ada
Matematika,Tidak Ada,3 sks,Teknik Elektro,1.0,Tidak Ada,Tidak Ada,Tidak Ada
Fisika dasar 2,Tidak Ada,2 sks,Teknik Elektro,2.0,Tidak Ada,Tidak Ada,Tidak Ada
Instrumentasi Besaran Listrik,Tidak Ada,2 sks,Teknik Elektro,2.0,Tidak Ada,Tidak Ada,Tidak Ada
Matematika Lanjut,Tidak Ada,3 sks,Teknik Elektro,2.0,Tidak Ada,Tidak Ada,Tidak Ada
Praktikum Instrumentasi Besaran Listrik,Tidak Ada,1 sks,Teknik Elektro,3.0,Tidak Ada,Tidak Ada,Tidak Ada
Pemrograman Komputer,Tidak Ada,3 sks,Teknik Elektro,3.0,Tidak Ada,Tidak Ada,Tidak Ada
Dasar Sistem dan Jaringan Telekomunikasi,Tidak Ada,2 sks,Teknik Elektro,3.0,Tidak Ada,Tidak Ada,Tidak Ada
Rangkaian Listrik,Tidak Ada,4 sks,Teknik Elektro,3.0,Tidak Ada,Tidak Ada,Tidak Ada
Persamaan Differensial Biasa dan Parsial,Tidak Ada,3 sks,Teknik Elektro,3.0,Tidak Ada,Tidak Ada,Tidak Ada
Teknik Sistem Digital,Tidak Ada,2 sks,Teknik Elektro,3.0,Tidak Ada,Tidak Ada,Tidak Ada
Sistem Mikroprosesor dan Mikrokontroler,Tidak Ada,2 sks,Teknik Elektro,3.0,Tidak Ada,Tidak Ada,Tidak Ada
Praktikum Siste Teknik Digital,Tidak Ada,1 sks,Teknik Elektro,4.0,Tidak Ada,Tidak Ada,Tidak Ada
Praktikum Sistem Mikroprosesor dan Mikrokontroler,Tidak Ada,2 sks,Teknik Elektro,4.0,Tidak Ada,Tidak Ada,Tidak Ada
Praktikum Rangkaian Listrik,Tidak Ada,1 sks,Teknik Elektro,4.0,Tidak Ada,Tidak Ada,Tidak Ada
Praktikum Sistem dan Jaringan Telekomunikasi,Tidak Ada,1 sks,Teknik Elektro,4.0,Tidak Ada,Tidak Ada,Tidak Ada
Medan Elektromagnetik,Tidak Ada,4 sks,Teknik Elektro,4.0,Tidak Ada,Tidak Ada,Tidak Ada
Sistem Kontrol,Tidak Ada,3 sks,Teknik Elektro,4.0,Tidak Ada,Tidak Ada,Tidak Ada
Sistem Tenaga Listrik,Tidak Ada,3 sks,Teknik Elektro,4.0,Tidak Ada,Tidak Ada,Tidak Ada
Sinyal dan Sistem,Tidak Ada,3 sks,Teknik Elektro,4.0,Tidak Ada,Tidak Ada,Tidak Ada
Rangkaian Elektronika,Tidak Ada,3 sks,Teknik Elektro,4.0,Tidak Ada,Tidak Ada,Tidak Ada
Praktikum Sistem Kontrol,Tidak Ada,1 sks,Teknik Elektro,5.0,Tidak Ada,Tidak Ada,Tidak Ada
Praktikum Sistem Tenaga Listrik,Tidak Ada,1 sks,Teknik Elektro,5.0,Tidak Ada,Tidak Ada,Tidak Ada
Praktikum Rangkaian Elektronika,Tidak Ada,1 sks,Teknik Elektro,5.0,Tidak Ada,Tidak Ada,Tidak Ada
Metode Numerik,Tidak Ada,3 sks,Teknik Elektro,5.0,Tidak Ada,Tidak Ada,Tidak Ada
"Probabilitas, Statistika, dan Proses Stokastik",Tidak Ada,4 sks,Teknik Elektro,5.0,Tidak Ada,Tidak Ada,Tidak Ada
Agama II,Tidak Ada,2 sks,Teknik Elektro,5.0,Tidak Ada,Tidak Ada,Tidak Ada
Teknik Tegangan Tinggi,Tidak Ada,3 sks,Teknik Elektro,5.0,Tidak Ada,Tidak Ada,Tidak Ada
Elektronika Daya,Tidak Ada,3 sks,Teknik Elektro,5.0,Tidak Ada,Tidak Ada,Tidak Ada
Analisis Sistem Tenaga Listrik,Tidak Ada,4 sks,Teknik Elektro,5.0,Tidak Ada,Tidak Ada,Tidak Ada
Analisis dan Desain Sistem Kontrol,Tidak Ada,4 sks,Teknik Elektro,5.0,Tidak Ada,Tidak Ada,Tidak Ada
Otomasi Sistem,Tidak Ada,3 sks,Teknik Elektro,5.0,Tidak Ada,Tidak Ada,Tidak Ada
Optimasi Sistem Kontrol,Tidak Ada,3 sks,Teknik Elektro,5.0,Tidak Ada,Tidak Ada,Tidak Ada
Kewirausahaan,Tidak Ada,2 sks,Teknik Elektro,6.0,Tidak Ada,Tidak Ada,Tidak Ada
Bahasa Inggris,Tidak Ada,2 sks,Teknik Elektro,6.0,Tidak Ada,Tidak Ada,Tidak Ada
Transmisi Tenaga Listrik,Tidak Ada,2 sks,Teknik Elektro,6.0,Tidak Ada,Tidak Ada,Tidak Ada
Distribusi Tenaga Listrik,Tidak Ada,2 sks,Teknik Elektro,6.0,Tidak Ada,Tidak Ada,Tidak Ada
Mesin Listrik,Tidak Ada,4 sks,Teknik Elektro,6.0,Tidak Ada,Tidak Ada,Tidak Ada
Pengaman Sistem Tenaga Listrik,Tidak Ada,2 sks,Teknik Elektro,6.0,Tidak Ada,Tidak Ada,Tidak Ada
Desain dan Instalasi Tenaga Listrik,Tidak Ada,4 sks,Teknik Elektro,6.0,Tidak Ada,Tidak Ada,Tidak Ada
Sistem Terintegrasi,Tidak Ada,4 sks,Teknik Elektro,6.0,Tidak Ada,Tidak Ada,Tidak Ada
Konrol Digital,Tidak Ada,2 sks,Teknik Elektro,6.0,Tidak Ada,Tidak Ada,Tidak Ada
Komputasi Sistem Linier,Tidak Ada,2 sks,Teknik Elektro,6.0,Tidak Ada,Tidak Ada,Tidak Ada
Kontrol Optimal,Tidak Ada,3 sks,Teknik Elektro,6.0,Tidak Ada,Tidak Ada,Tidak Ada
Instrumentasi Sistem Kontrol,Tidak Ada,3 sks,Teknik Elektro,6.0,Tidak Ada,Tidak Ada,Tidak Ada
Operasi Optimum Sistem Tenaga Listrik,Tidak Ada,3 sks,Teknik Elektro,Tidak Ada,Tidak Ada,Tidak Ada,Tidak Ada
Perencanaan Sistem Tenaga Listrik,Tidak Ada,3 sks,Teknik Elektro,Tidak Ada,Tidak Ada,Tidak Ada,Tidak Ada
Dinamika dan Stabilitas Sistem Tenaga Listrik,Tidak Ada,3 sks,Teknik Elektro,Tidak Ada,Tidak Ada,Tidak Ada,Tidak Ada
Kualitas Daya Listrik,Tidak Ada,3 sks,Teknik Elektro,Tidak Ada,Tidak Ada,Tidak Ada,Tidak Ada
Pemeliharaan Peralatan Listrik,Tidak Ada,2 sks,Teknik Elektro,Tidak Ada,Tidak Ada,Tidak Ada,Tidak Ada
Energi Baru dan Terbarukan,Tidak Ada,3 sks,Teknik Elektro,Tidak Ada,Tidak Ada,Tidak Ada,Tidak Ada
Standart dan Regulasi Sistem Tenaga,Tidak Ada,2 sks,Teknik Elektro,Tidak Ada,Tidak Ada,Tidak Ada,Tidak Ada
Topik Khusus Sistem Tenaga,Tidak Ada,2 sks,Teknik Elektro,Tidak Ada,Tidak Ada,Tidak Ada,Tidak Ada
Kontrol Cerdas,Tidak Ada,2 sks,Teknik Elektro,Tidak Ada,Tidak Ada,Tidak Ada,Tidak Ada
Kontrol Penggerak Elektrik,Tidak Ada,3 sks,Teknik Elektro,Tidak Ada,Tidak Ada,Tidak Ada,Tidak Ada
Kontrol Sistem Proses,Tidak Ada,2 sks,Teknik Elektro,Tidak Ada,Tidak Ada,Tidak Ada,Tidak Ada
Kontrol Biomedis,Tidak Ada,3 sks,Teknik Elektro,Tidak Ada,Tidak Ada,Tidak Ada,Tidak Ada
Pengolahan Sinyal Kontrol,Tidak Ada,2 sks,Teknik Elektro,Tidak Ada,Tidak Ada,Tidak Ada,Tidak Ada
Kontrol Adaptif,Tidak Ada,2 sks,Teknik Elektro,Tidak Ada,Tidak Ada,Tidak Ada,Tidak Ada
Mekatronika,Tidak Ada,3 sks,Teknik Elektro,Tidak Ada,Tidak Ada,Tidak Ada,Tidak Ada
Kendali Otomotif,Tidak Ada,2 sks,Teknik Elektro,Tidak Ada,Tidak Ada,Tidak Ada,Tidak Ada
Topik Khusus Sistem Kontrol,Tidak Ada,2 sks,Teknik Elektro,Tidak Ada,Tidak Ada,Tidak Ada,Tidak Ada
Manajemen Proyek,Tidak Ada,2 sks,Teknik Elektro,Tidak Ada,Tidak Ada,Tidak Ada,Tidak Ada
Kesehatan dan Keselamatan Kerja,Tidak Ada,2 sks,Teknik Elektro,Tidak Ada,Tidak Ada,Tidak Ada,Tidak Ada
MATLAB/SIMULINK,Tidak Ada,2 sks,Teknik Elektro,Tidak Ada,Tidak Ada,Tidak Ada,Tidak Ada
Desain dan implementasi gambar Teknik,Tidak Ada,2 sks,Teknik Elektro,Tidak Ada,Tidak Ada,Tidak Ada,Tidak Ada
Instalasi listrik,Tidak Ada,2 sks,Teknik Elektro,Tidak Ada,Tidak Ada,Tidak Ada,Tidak Ada
